,size
32,3677
11,3307
0,1607
42,1503
14,1431
50,1377
9,1299
177,1251
45,1099
128,1073
46,999
85,942
17,923
129,892
140,883
27,849
306,840
62,829
87,799
12,779
132,750
99,743
268,710
63,701
156,693
109,647
652,626
273,623
1600,619
261,614
3,597
191,572
131,559
81,558
36,555
356,552
97,552
55,525
859,520
256,517
367,514
277,511
143,509
292,509
226,507
303,506
64,505
69,501
372,494
752,491
322,485
284,461
348,461
376,448
452,446
291,442
492,437
217,437
152,436
34,436
264,435
524,435
424,430
29,429
184,429
307,426
13,422
116,412
280,411
221,407
113,401
193,401
276,401
335,400
212,400
58,398
48,396
72,391
262,391
238,389
249,384
60,382
133,379
208,379
110,378
441,377
192,374
396,370
314,350
124,342
41,337
479,321
26,321
454,314
33,313
93,313
158,311
562,308
149,302
449,299
190,297
115,292
35,284
179,282
83,264
406,264
474,262
138,260
189,259
117,254
525,253
186,252
39,249
563,248
86,246
196,240
263,239
84,238
237,234
882,233
334,229
70,224
80,222
325,212
164,211
120,211
499,210
444,199
315,197
1148,197
137,193
142,189
685,187
169,187
74,174
438,166
43,165
419,165
381,165
349,164
257,163
229,148
561,144
461,140
568,136
657,135
1790,132
638,125
595,121
594,118
794,114
432,113
532,105
1843,85
833,85
639,84
321,84
691,75
188,73
435,69
3909,69
37,67
557,66
302,61
696,60
20,60
2343,59
905,58
701,55
620,52
1661,50
579,49
362,46
341,45
748,44
2926,44
468,44
1226,43
1215,42
1376,41
418,39
3057,39
3176,38
401,37
71,37
1547,37
1670,36
539,36
782,36
793,36
3553,35
2431,34
31,34
2508,34
2166,34
1606,34
480,33
1920,33
2698,33
1800,32
274,32
1766,31
6,31
995,31
1854,30
3146,30
3801,30
663,30
2027,30
1415,30
351,28
2293,27
197,27
1192,27
1452,27
2976,27
2096,27
1683,27
850,27
3341,26
1025,26
352,26
1689,26
2590,26
1332,25
2430,25
2048,25
1998,25
2097,25
102,25
2552,25
450,25
723,25
2211,25
198,24
2098,24
1404,24
1312,24
4016,24
101,24
2102,24
969,24
767,24
1884,24
1140,24
3256,24
1813,24
1145,24
858,23
1850,23
1837,23
1387,23
1845,23
1797,23
3689,23
2157,23
796,23
1745,23
1697,22
1394,22
3563,22
420,22
3863,22
2998,22
1468,22
1319,22
1200,22
719,22
2644,21
1001,21
936,21
863,21
275,21
847,21
1421,21
2394,21
1208,21
1432,21
623,21
338,21
1938,20
96,20
281,20
127,20
2676,20
2803,20
2753,20
1700,20
1944,20
2333,20
1924,20
1009,20
2977,20
350,20
927,20
1053,20
1433,20
1170,20
3691,20
2623,20
3785,19
1611,19
1572,19
294,19
1496,19
2946,19
1511,19
2649,19
3038,19
2596,19
1696,19
835,19
3990,19
1320,19
355,19
1952,19
2992,19
598,19
3516,19
206,19
1225,19
1844,18
1033,18
312,18
3007,18
3514,18
979,18
966,18
1619,18
895,18
1586,18
1735,18
1409,18
3729,18
3172,18
2408,18
3003,18
3180,18
588,18
1960,18
2074,18
1382,18
1178,18
1630,18
597,18
3455,17
3134,17
2834,17
1674,17
1484,17
459,17
354,17
1917,17
3440,17
544,17
1799,17
1807,17
493,17
1336,17
3363,17
1037,17
1648,17
3048,17
2723,17
44,17
471,17
1216,17
822,17
2872,17
811,17
666,17
3831,17
937,17
473,17
1061,17
722,17
426,17
1232,16
898,16
1519,16
2140,16
3184,16
2114,16
543,16
1528,16
1896,16
309,16
2986,16
820,16
1928,16
3036,16
3049,16
3853,16
391,16
2204,16
3680,16
1049,16
522,16
2960,16
3926,16
1101,16
279,16
1114,15
1552,15
1158,15
1358,15
2559,15
1626,15
4076,15
1959,15
1994,15
3956,15
1056,15
894,15
1385,15
2617,15
2359,15
2579,15
683,15
3788,15
375,15
1437,15
955,15
2771,15
3584,15
919,15
2886,15
1658,15
1904,15
3345,15
1023,15
1242,15
402,14
2177,14
1347,14
1767,14
2031,14
1962,14
1539,14
1480,14
1534,14
1889,14
943,14
378,14
2648,14
2662,14
924,14
2807,14
437,14
2261,14
163,14
953,14
841,14
3964,14
3943,14
3719,14
3791,14
388,14
3103,14
531,14
3694,14
3592,14
1667,14
4108,14
582,14
592,14
784,14
3271,14
837,14
3860,14
3335,14
216,14
1057,14
1521,14
3770,14
3366,14
1171,13
2514,13
1764,13
690,13
944,13
676,13
2248,13
1233,13
2190,13
4131,13
1329,13
456,13
1362,13
2731,13
135,13
90,13
293,13
181,13
447,13
49,13
269,13
429,13
3061,13
2527,13
917,13
711,13
1472,13
1115,13
3903,13
3715,13
1974,13
2855,13
580,13
3816,13
1915,13
3569,13
1438,13
1941,13
1479,13
3629,13
2907,13
2971,13
817,13
3428,13
1371,13
3923,13
3601,13
3158,13
3664,12
2811,12
2819,12
4095,12
766,12
4107,12
2641,12
3763,12
740,12
51,12
3895,12
330,12
4106,12
3406,12
3276,12
554,12
2707,12
3159,12
105,12
3479,12
139,12
469,12
3282,12
2704,12
3244,12
3302,12
3452,12
3812,12
487,12
2226,12
3813,12
415,12
1956,12
1991,12
3717,12
2107,12
1096,12
2146,12
1044,12
600,12
1377,12
2216,12
1491,12
2238,12
290,12
2329,12
1558,12
1339,12
1334,12
3888,12
1631,12
304,12
3840,12
481,12
3879,12
1954,12
233,12
940,12
67,11
183,11
946,11
872,11
416,11
3623,11
2358,11
2737,11
4046,11
3646,11
1004,11
3654,11
2604,11
942,11
989,11
2629,11
4078,11
2635,11
2682,11
2220,11
869,11
2873,11
224,11
2088,11
1124,11
2185,11
2846,11
1391,11
2067,11
2481,11
2877,11
689,11
344,11
3460,11
234,11
3021,11
1834,11
2994,11
1909,11
1861,11
1881,11
512,11
272,11
3417,11
4074,11
445,11
826,11
1576,11
3711,11
667,11
1477,11
777,11
1550,11
486,11
108,11
649,11
3155,11
1235,11
1418,11
308,10
3854,10
2297,10
1532,10
1503,10
3891,10
1459,10
1449,10
1885,10
336,10
2272,10
3395,10
3211,10
3197,10
3195,10
3384,10
3120,10
3069,10
3054,10
2999,10
88,10
1685,10
3467,10
300,10
3687,10
1719,10
3811,10
155,10
712,10
567,10
3317,10
746,10
2198,10
2162,10
2155,10
3685,10
2138,10
3690,10
3699,10
2077,10
2058,10
57,10
3726,10
2011,10
2206,10
3759,10
278,10
283,10
2852,10
3754,10
3647,10
1139,10
1128,10
3973,10
374,10
1029,10
408,10
1218,10
1045,10
952,10
3952,10
1373,10
3934,10
4017,10
4002,10
1338,10
19,10
4067,10
1205,10
4060,10
875,10
1113,10
2833,10
856,10
862,10
929,10
958,10
2352,10
2694,10
2678,10
1068,10
3534,10
2634,10
2633,10
3558,10
2565,10
2505,10
2441,10
2535,10
2321,10
1160,10
3968,10
3955,10
2309,10
387,10
1091,10
1392,10
166,10
2057,9
2459,9
2866,9
1599,9
54,9
1116,9
1108,9
1996,9
1995,9
231,9
3472,9
2985,9
2076,9
1982,9
2925,9
1100,9
1610,9
628,9
10,9
2832,9
2499,9
2780,9
2018,9
3020,9
747,9
2948,9
3712,9
1118,9
880,9
2954,9
1948,9
1932,9
2796,9
1227,9
3695,9
3153,9
2381,9
608,9
2134,9
370,9
2139,9
463,9
714,9
2150,9
1064,9
3871,9
3492,9
3868,9
1541,9
1578,9
3599,9
503,9
3589,9
2546,9
2743,9
528,9
4160,9
2173,9
2750,9
3673,9
2511,9
1287,9
134,9
816,9
1656,9
2368,9
3005,9
1874,9
1305,9
1824,9
326,9
1310,9
3520,9
2433,9
2712,9
680,9
1494,9
681,9
2656,9
3432,9
3216,9
214,9
174,9
2245,9
3042,9
3044,9
2281,9
2284,9
3550,9
855,9
1461,9
993,9
992,9
2632,9
3554,9
1447,9
4080,9
3636,9
1883,9
1024,9
3562,9
470,9
1714,9
2310,9
1443,9
2589,9
1750,8
2323,8
3805,8
3191,8
1733,8
641,8
2314,8
1709,8
2223,8
1702,8
821,8
3298,8
209,8
2044,8
2013,8
3778,8
3786,8
2339,8
446,8
1762,8
637,8
1785,8
3205,8
3792,8
3207,8
1808,8
633,8
2227,8
1761,8
3388,8
4012,8
2002,8
3727,8
1671,8
2069,8
3951,8
3610,8
3615,8
2362,8
3841,8
3160,8
885,8
3827,8
3733,8
1644,8
1642,8
3148,8
4155,8
3149,8
2426,8
3832,8
2257,8
2325,8
3669,8
1853,8
3350,8
804,8
1878,8
1880,8
2153,8
1937,8
4128,8
235,8
3278,8
2089,8
3735,8
1990,8
2436,8
1758,8
1288,8
1427,8
2474,8
2547,8
715,8
2578,8
3720,8
3072,8
2792,8
3881,8
2793,8
1240,8
146,8
2821,8
2822,8
1199,8
1123,8
2469,8
2845,8
3097,8
2746,8
2567,8
4062,8
578,8
3089,8
425,8
3119,8
2574,8
2536,8
1460,8
3127,8
3084,8
2571,8
75,8
1093,8
4,8
700,8
1337,8
1008,8
2653,8
2657,8
1363,8
2679,8
3027,8
1026,8
3914,8
2710,8
126,8
405,8
1299,8
2853,8
1293,8
2647,8
2749,8
1414,8
1146,8
1103,8
2701,8
1104,8
2917,8
4007,8
4008,8
3466,8
1144,8
2900,8
1255,8
2777,8
1275,8
1174,8
2744,7
507,7
2488,7
1535,7
3622,7
2383,7
2212,7
2715,7
1331,7
2273,7
3883,7
2660,7
1782,7
2671,7
3933,7
1786,7
2700,7
1803,7
3662,7
3604,7
1649,7
2545,7
1531,7
2598,7
1341,7
1699,7
2549,7
2588,7
1429,7
3823,7
3886,7
1441,7
2303,7
2222,7
2528,7
636,7
2194,7
1304,7
1324,7
2376,7
3784,7
1309,7
3655,7
145,7
1650,7
3231,7
4081,7
3288,7
878,7
4034,7
2939,7
4072,7
3200,7
846,7
973,7
4092,7
3067,7
914,7
3015,7
3074,7
708,7
3065,7
3004,7
3818,7
881,7
422,7
2249,7
436,7
2520,7
3867,7
2640,7
3164,7
3114,7
3436,7
4049,7
515,7
529,7
3329,7
994,7
824,7
516,7
3343,7
2993,7
726,7
725,7
2927,7
2555,7
2420,7
2337,7
3714,7
2160,7
1261,7
2783,7
2391,7
3836,7
2113,7
180,7
1549,7
2456,7
25,7
3997,7
2071,7
153,7
1163,7
1594,7
2477,7
3845,7
2062,7
392,7
1251,7
1935,7
605,7
1229,7
2558,7
3502,7
2813,7
1927,7
1223,7
1280,7
2805,7
1926,7
2801,7
1270,7
2169,7
1272,7
2118,7
2794,7
4161,7
2126,7
2127,7
3688,7
1575,7
686,7
2040,7
3546,7
3639,7
3806,7
1402,7
3804,7
2626,7
3621,7
1499,7
1727,7
2278,7
2186,7
2361,7
1379,7
1501,7
2613,7
1428,7
2655,7
2351,7
2901,7
346,7
2650,7
1289,7
1195,7
2465,7
1210,7
1972,7
2095,7
2183,7
625,7
1955,7
1196,7
624,7
611,7
3705,7
3737,7
2405,7
3474,7
1966,7
3480,7
305,7
3483,7
2972,6
3752,6
1059,6
1253,6
3732,6
2770,6
756,6
2773,6
2117,6
3509,6
1157,6
1237,6
4119,6
550,6
1066,6
3469,6
2817,6
3295,6
477,6
4113,6
1106,6
2942,6
4186,6
3704,6
1086,6
3494,6
1254,6
3744,6
764,6
494,6
2119,6
1099,6
1238,6
4188,6
417,6
1936,6
3627,6
3574,6
1691,6
2543,6
2517,6
4054,6
185,6
1684,6
871,6
3377,6
1676,6
644,6
421,6
288,6
1967,6
1698,6
2531,6
1243,6
1931,6
2974,6
3292,6
1168,6
2108,6
2110,6
3337,6
2870,6
1707,6
1166,6
2790,6
3612,6
3930,6
213,6
2538,6
3739,6
801,6
2835,6
1034,6
1322,6
2719,6
478,6
803,6
3522,6
1316,6
3316,6
1893,6
1716,6
2728,6
1035,6
2156,6
2905,6
799,6
2909,6
1298,6
2732,6
2012,6
3723,6
3307,6
2136,6
151,6
4122,6
3696,6
103,6
555,6
3465,6
3512,6
59,6
2007,6
1276,6
521,6
2903,6
2030,6
1204,6
2932,6
219,6
2849,6
1224,6
2802,6
1985,6
1180,6
4021,6
1077,6
1177,6
3710,6
2936,6
154,6
1188,6
1978,6
2080,6
2961,6
1303,6
2043,6
2734,6
1121,6
1300,6
1887,6
3762,6
1136,6
1890,6
157,6
228,6
2152,6
2892,6
2988,6
1923,6
755,6
3086,6
1919,6
3080,6
514,6
3772,6
806,6
3938,6
1335,6
1856,6
3352,6
2705,6
3018,6
3019,6
3421,6
3774,6
210,6
677,6
1017,6
3028,6
360,6
4170,6
3217,6
828,6
125,6
1010,6
3210,6
2645,6
2665,6
675,6
1816,6
1820,6
2233,6
2236,6
411,6
1809,6
265,6
1806,6
814,6
2201,6
3779,6
3361,6
1444,6
848,6
343,6
3201,6
3796,6
4097,6
3051,6
3907,6
3648,6
840,6
4045,6
3912,6
2580,6
122,6
987,6
2268,6
2667,6
2603,6
2244,6
2246,6
3132,6
3552,6
3555,6
2263,6
2265,6
1774,6
2605,6
1781,6
3797,6
990,6
4158,6
78,6
455,6
671,6
1828,6
2432,6
1669,6
2582,6
3379,6
472,6
475,6
3855,6
3387,6
642,6
3136,6
1587,6
1625,6
3137,6
2393,6
2419,6
3078,6
327,6
3838,6
4090,6
1458,6
1743,6
2661,6
3645,6
3564,6
853,6
2164,6
3566,6
2294,6
4175,6
2560,6
2556,6
861,6
1482,6
3147,6
3188,6
2401,6
3121,6
1651,6
3161,6
3123,6
928,6
1645,6
3391,6
721,6
1635,6
2387,6
4151,6
1538,6
2402,6
1749,6
1752,6
4129,6
3122,6
1567,6
2392,6
3869,6
3844,6
199,6
3842,6
2409,6
2390,6
2388,6
1660,6
2479,6
3585,6
889,6
3619,6
1604,6
1006,5
22,5
3034,5
3416,5
3438,5
1365,5
1411,5
353,5
1386,5
2982,5
3138,5
1065,5
4041,5
2636,5
3045,5
3716,5
3966,5
2775,5
2767,5
1079,5
1075,5
2610,5
2622,5
1182,5
4184,5
999,5
3047,5
3913,5
2799,5
3439,5
3548,5
2621,5
2611,5
3974,5
1073,5
1410,5
1364,5
1412,5
4027,5
2616,5
2612,5
2789,5
3897,5
1395,5
2631,5
660,5
1189,5
513,5
1493,5
3415,5
553,5
2568,5
4052,5
2838,5
3537,5
3056,5
333,5
1213,5
1440,5
1212,5
3410,5
1448,5
1579,5
2825,5
2551,5
1190,5
4142,5
2683,5
2628,5
1266,5
3915,5
2809,5
1359,5
3496,5
2816,5
4047,5
574,5
3985,5
3484,5
2563,5
2561,5
2940,5
3404,5
2685,5
2554,5
3513,5
3924,5
2713,5
2434,5
930,5
2512,5
3095,5
957,5
706,5
1502,5
1176,5
2751,5
576,5
2708,5
1027,5
3096,5
4053,5
2869,5
136,5
1052,5
3880,5
2522,5
1513,5
951,5
1107,5
913,5
2506,5
1524,5
2586,5
2745,5
2407,5
320,5
1522,5
948,5
3847,5
693,5
1028,5
3939,5
2878,5
3580,5
319,5
3526,5
2908,5
1030,5
4139,5
4130,5
2519,5
911,5
2916,5
4011,5
1556,5
1122,5
1047,5
1537,5
2735,5
2413,5
3940,5
3459,5
1295,5
1559,5
2911,5
1542,5
1545,5
1120,5
407,5
935,5
3001,5
533,5
1119,5
2891,5
3850,5
2726,5
1325,5
2460,5
3125,5
3949,5
3126,5
3521,5
28,5
2453,5
73,5
2897,5
2440,5
2439,5
1125,5
1573,5
1038,5
2896,5
922,5
2729,5
1354,5
1869,5
4033,5
1872,5
788,5
3692,5
2229,5
3252,5
791,5
3789,5
3280,5
602,5
3731,5
2341,5
2345,5
2377,5
2047,5
586,5
1981,5
1675,5
901,5
3613,5
1983,5
2234,5
2125,5
830,5
3318,5
3215,5
2144,5
2142,5
2266,5
1780,5
609,5
3698,5
1784,5
501,5
786,5
448,5
785,5
2247,5
246,5
2315,5
453,5
831,5
2241,5
227,5
2374,5
495,5
1616,5
2403,5
2086,5
584,5
2380,5
4125,5
467,5
1641,5
1615,5
3382,5
4069,5
285,5
2082,5
1976,5
2041,5
3150,5
2332,5
2330,5
2990,5
2064,5
1693,5
3322,5
2050,5
2373,5
888,5
3305,5
2364,5
1988,5
431,5
3309,5
621,5
2370,5
2327,5
890,5
3173,5
3708,5
1614,5
286,5
3286,5
3381,5
3843,5
1897,5
1655,5
1863,5
3634,5
728,5
3800,5
3365,5
2280,5
527,5
3364,5
1765,5
2275,5
2274,5
2271,5
1930,5
2270,5
1929,5
2104,5
3799,5
3802,5
2101,5
867,5
1710,5
3333,5
1754,5
1753,5
1465,5
3899,5
3766,5
535,5
976,5
975,5
167,5
3486,5
974,5
2755,5
610,5
2039,5
4137,5
3272,5
1746,5
1748,5
240,5
3701,5
3748,5
1711,5
1942,5
3742,5
1925,5
3761,5
250,5
732,5
498,5
497,5
797,5
259,5
3243,5
3223,5
2193,5
2184,5
812,5
3241,5
1851,5
3765,5
1875,5
3370,5
3674,5
1862,5
1826,5
4168,5
3257,5
3638,5
1957,5
1718,5
3339,5
772,5
773,5
3332,5
3367,5
3703,5
1950,5
4112,5
1949,5
4089,5
91,5
1744,5
3807,5
3641,5
2299,5
1609,4
4154,4
1062,4
3866,4
1060,4
3829,4
1637,4
3828,4
1131,4
4013,4
1607,4
299,4
1647,4
1621,4
1063,4
654,4
1067,4
1623,4
1560,4
1071,4
1135,4
985,4
3986,4
983,4
1823,4
1582,4
4066,4
3893,4
311,4
1682,4
1095,4
1525,4
1706,4
918,4
991,4
1705,4
1704,4
1055,4
1000,4
3993,4
410,4
3820,4
1014,4
3821,4
318,4
3989,4
1092,4
298,4
1643,4
3846,4
1078,4
4014,4
3849,4
1081,4
8,4
1083,4
1568,4
1592,4
1591,4
4022,4
1236,4
964,4
920,4
266,4
1490,4
1759,4
4149,4
970,4
1742,4
1741,4
482,4
1202,4
977,4
1737,4
383,4
1730,4
1729,4
1728,4
980,4
981,4
978,4
255,4
382,4
1770,4
1796,4
3793,4
659,4
938,4
3885,4
716,4
1713,4
934,4
896,4
1485,4
684,4
260,4
1811,4
1810,4
1234,4
427,4
1230,4
1804,4
962,4
910,4
1241,4
3969,4
1476,4
3961,4
1842,4
1260,4
1464,4
892,4
632,4
1833,4
4061,4
3963,4
1256,4
3896,4
1249,4
664,4
4070,4
1247,4
1712,4
337,4
1715,4
1267,4
3900,4
1360,4
4096,4
3935,4
2024,4
729,4
4121,4
2014,4
736,4
460,4
3753,4
1921,4
4114,4
3944,4
1922,4
1397,4
770,4
1315,4
4110,4
1933,4
1457,4
3941,4
366,4
464,4
783,4
1943,4
232,4
1852,4
842,4
1321,4
3771,4
832,4
3906,4
731,4
738,4
1291,4
1858,4
440,4
24,4
1886,4
451,4
1849,4
619,4
1271,4
1351,4
3902,4
3948,4
361,4
745,4
815,4
1277,4
1279,4
1349,4
2026,4
1357,4
3722,4
4143,4
2034,4
3736,4
1969,4
1022,4
1907,4
1908,4
626,4
1910,4
1911,4
369,4
3928,4
3856,4
428,4
4084,4
1151,4
1032,4
1665,4
390,4
1664,4
4009,4
704,4
296,4
4010,4
1659,4
1141,4
297,4
1051,4
1653,4
393,4
295,4
3824,4
705,4
805,4
1406,4
679,4
1906,4
3921,4
1946,4
1947,4
622,4
1914,4
4146,4
1989,4
765,4
248,4
3760,4
1301,4
4103,4
1900,4
2010,4
4105,4
3745,4
342,4
1345,4
1368,4
3929,4
2004,4
1419,4
1307,4
1407,4
4117,4
762,4
3927,4
1789,4
718,4
3977,4
3488,4
3246,4
3385,4
3426,4
3482,4
2842,4
2840,4
2085,4
2087,4
3327,4
3328,4
556,4
2945,4
3706,4
2826,4
575,4
3445,4
2094,4
2938,4
523,4
2957,4
2959,4
2100,4
2804,4
2103,4
2968,4
2973,4
3336,4
2787,4
3371,4
3182,4
3092,4
2541,4
2304,4
3076,4
2564,4
2295,4
2566,4
3640,4
2572,4
3644,4
77,4
589,4
2581,4
3079,4
3006,4
3403,4
3633,4
2340,4
3170,4
2335,4
3174,4
2326,4
3373,4
2526,4
3571,4
2324,4
3181,4
2322,4
2316,4
3505,4
2785,4
3259,4
2881,4
4165,4
2066,4
548,4
2887,4
549,4
3508,4
3487,4
2764,4
3247,4
2147,4
2987,4
2131,4
3248,4
2748,4
2769,4
2762,4
3000,4
2760,4
2759,4
215,4
542,4
2991,4
3697,4
3427,4
95,4
2776,4
1779,4
3323,4
3458,4
2782,4
3457,4
2781,4
2956,4
2079,4
2851,4
3289,4
150,4
2902,4
2899,4
3713,4
3321,4
2049,4
2890,4
2051,4
2052,4
2054,4
2055,4
547,4
2059,4
3464,4
2060,4
2061,4
2914,4
551,4
2073,4
3290,4
2072,4
3291,4
2307,4
2980,4
2308,4
3066,4
2597,4
2277,4
2600,4
3055,4
526,4
2602,4
572,4
3053,4
2606,4
2609,4
3052,4
2618,4
2232,4
172,4
3518,4
171,4
3675,4
2175,4
3349,4
3235,4
3011,4
3009,4
2178,4
2161,4
2716,4
3523,4
2158,4
2722,4
119,4
3556,4
2591,4
2262,4
587,4
4140,4
1500,4
1777,4
658,4
3979,4
3798,4
1498,4
1031,4
519,4
3661,4
3203,4
2253,4
2252,4
2251,4
2250,4
3653,4
4181,4
3547,4
2239,4
2639,4
2235,4
3359,4
2643,4
2637,4
3202,4
2619,4
94,4
3046,4
3239,4
2421,4
2483,4
2487,4
3166,4
2491,4
3099,4
2354,4
3588,4
3591,4
3596,4
195,4
2411,4
2412,4
3609,4
2424,4
200,4
3130,4
3616,4
2437,4
2438,4
3617,4
2382,4
3598,4
2378,4
2492,4
2495,4
3098,4
2706,4
2502,4
2353,4
2386,4
3031,4
565,4
2182,4
2696,4
3037,4
2654,4
3035,4
2666,4
3218,4
3668,4
3419,4
3222,4
3118,4
599,4
2675,4
2199,4
2187,4
3561,4
3101,4
18,4
2363,4
3113,4
2475,4
2366,4
3192,4
3560,4
2230,4
3226,4
590,3
47,3
1751,3
1747,3
3642,3
3803,3
1830,3
1827,3
520,3
2447,3
1793,3
3659,3
4173,3
1805,3
2240,3
2242,3
3657,3
3790,3
1756,3
267,3
205,3
2282,3
2269,3
3649,3
3651,3
2449,3
2228,3
2450,3
2451,3
2452,3
3825,3
2360,3
3671,3
3663,3
1771,3
1760,3
2219,3
2218,3
2217,3
4171,3
1769,3
1768,3
271,3
1763,3
1776,3
1819,3
583,3
1778,3
1690,3
2347,3
3670,3
2350,3
1677,3
1672,3
2195,3
258,3
1666,3
2356,3
1692,3
3624,3
585,3
1694,3
2298,3
2300,3
3637,3
207,3
490,3
1894,3
640,3
1832,3
2344,3
1791,3
2292,3
1821,3
270,3
3795,3
4172,3
1787,3
2259,3
2260,3
3783,3
204,3
2213,3
201,3
3808,3
1679,3
2331,3
2200,3
2334,3
4156,3
289,3
3776,3
1681,3
2446,3
2369,3
2444,3
1657,3
1857,3
3767,3
2372,3
2191,3
1662,3
3620,3
2367,3
254,3
2189,3
2188,3
2422,3
3826,3
1652,3
1633,3
2375,3
2379,3
3830,3
4169,3
253,3
3672,3
3835,3
1589,3
1892,3
650,3
1723,3
1860,3
3837,3
2396,3
2397,3
2398,3
3839,3
648,3
2171,3
3678,3
1590,3
1864,3
1859,3
651,3
66,3
3852,3
30,3
2414,3
2415,3
3607,3
252,3
2179,3
1636,3
1585,3
1540,3
1536,3
2484,3
1564,3
3684,3
1876,3
630,3
310,3
2427,3
2429,3
1855,3
194,3
3603,3
1584,3
1581,3
1580,3
1577,3
1882,3
2454,3
2154,3
4178,3
2480,3
1543,3
1544,3
2163,3
2159,3
3583,3
2472,3
3595,3
1895,3
3864,3
3594,3
2462,3
3865,3
3590,3
1553,3
2470,3
1899,3
2141,3
3861,3
1548,3
3870,3
1546,3
2306,3
2507,3
2210,3
577,3
3892,3
2530,3
2674,3
2115,3
2509,3
2510,3
1518,3
3751,3
2112,3
2515,3
3894,3
3576,3
1516,3
2111,3
1515,3
3700,3
3878,3
2523,3
2524,3
3573,3
331,3
347,3
1380,3
2630,3
3910,3
2065,3
3728,3
1408,3
2620,3
3911,3
4164,3
2627,3
4180,3
345,3
2015,3
2056,3
1393,3
2009,3
616,3
506,3
4145,3
4144,3
3918,3
3919,3
3572,3
1520,3
245,3
1489,3
239,3
2092,3
3741,3
3740,3
2550,3
3746,3
3747,3
220,3
1958,3
2539,3
2121,3
1505,3
2106,3
222,3
3890,3
1504,3
2542,3
661,3
2544,3
1497,3
2533,3
3567,3
1814,3
2529,3
65,3
2489,3
3582,3
656,3
607,3
1530,3
1902,3
3758,3
2493,3
2494,3
2504,3
3872,3
1905,3
2497,3
1527,3
3873,3
3756,3
1913,3
2503,3
2008,3
357,3
1721,3
1424,3
1992,3
1999,3
1435,3
1434,3
339,3
1430,3
1426,3
1425,3
2070,3
2068,3
1439,3
1423,3
3908,3
1420,3
176,3
4147,3
1450,3
2570,3
1971,3
2084,3
670,3
1442,3
2646,3
287,3
1720,3
3814,3
2208,3
3815,3
2318,3
2203,3
3780,3
1703,3
40,3
3817,3
613,3
2485,3
604,3
1533,3
2614,3
3709,3
4166,3
2593,3
1986,3
1987,3
1475,3
2562,3
1474,3
3721,3
2019,3
3543,3
2020,3
358,3
3542,3
2023,3
3541,3
1366,3
2046,3
3539,3
1473,3
741,3
1361,3
2668,3
2033,3
2669,3
1356,3
1355,3
3536,3
3718,3
485,3
3545,3
2053,3
2003,3
665,3
1975,3
1470,3
2569,3
1466,3
1984,3
1463,3
1980,3
2576,3
2577,3
668,3
1455,3
1454,3
2583,3
3901,3
2585,3
1417,3
3551,3
3565,3
3611,3
1840,3
566,3
3489,3
1184,3
3942,3
3983,3
3981,3
3982,3
1311,3
3491,3
2727,3
3490,3
1207,3
1328,3
1201,3
1185,3
2725,3
3485,3
1198,3
1197,3
3945,3
1194,3
2841,3
2850,3
2880,3
2848,3
3476,3
510,3
3980,3
1156,3
2823,3
3992,3
385,3
2718,3
2856,3
2858,3
2862,3
3999,3
2863,3
1172,3
386,3
692,3
1164,3
1326,3
2874,3
3525,3
3470,3
3987,3
618,3
3971,3
3143,3
4102,3
3354,3
3353,3
864,3
4087,3
2933,3
4075,3
3141,3
3142,3
3144,3
3219,3
908,3
111,3
902,3
900,3
3151,3
3152,3
3383,3
897,3
2,3
3220,3
818,3
1097,3
845,3
3362,3
3369,3
3368,3
860,3
443,3
857,3
4091,3
3193,3
849,3
4093,3
819,3
4094,3
92,3
730,3
3372,3
3204,3
836,3
4098,3
3356,3
4100,3
2756,3
2758,3
4077,3
3532,3
4018,3
3461,3
2689,3
2906,3
1130,3
1132,3
2688,3
1134,3
2691,3
2686,3
2915,3
1137,3
2695,3
1138,3
4015,3
395,3
2898,3
3528,3
2913,3
508,3
3462,3
2894,3
1112,3
2924,3
3932,3
3463,3
1340,3
2703,3
1342,3
2702,3
2680,3
3531,3
2923,3
678,3
4004,3
4019,3
3453,3
4006,3
363,3
3937,3
4005,3
1330,3
2885,3
365,3
2699,3
4135,3
3958,3
1262,3
2733,3
1306,3
483,3
3953,3
161,3
2763,3
160,3
1265,3
2774,3
1259,3
1220,3
1268,3
2766,3
3507,3
3965,3
2754,3
3967,3
3959,3
3511,3
3504,3
1302,3
2812,3
1343,3
3950,3
1110,3
1109,3
2681,3
2883,3
2772,3
4003,3
380,3
2797,3
3501,3
2931,3
1222,3
2747,3
1228,3
1294,3
2806,3
2741,3
3517,3
559,3
3498,3
2736,3
868,3
2919,3
884,3
1013,3
4026,3
2963,3
2965,3
1074,3
1072,3
3437,3
1070,3
1069,3
4134,3
123,3
1082,3
4065,3
3107,3
3087,3
3088,3
4050,3
3093,3
3094,3
476,3
956,3
2958,3
2955,3
3100,3
3449,3
1016,3
3029,3
1015,3
3033,3
2981,3
2979,3
3435,3
2975,3
3450,3
3448,3
1084,3
1094,3
1090,3
3446,3
2944,3
2947,3
2949,3
2950,3
2951,3
3443,3
947,3
3102,3
3026,3
709,3
121,3
3050,3
988,3
537,3
986,3
984,3
118,3
3411,3
3064,3
3409,3
1003,3
536,3
3408,3
3407,3
971,3
3405,3
967,3
3165,3
710,3
965,3
997,3
3043,3
3400,3
717,3
3105,3
3108,3
538,3
3396,3
3112,3
939,3
3115,3
3393,3
4058,3
3392,3
4132,3
4063,3
923,3
3390,3
4064,3
3085,3
963,3
3082,3
1007,3
1005,3
4039,3
3081,3
3025,3
3311,3
753,3
3300,3
733,3
3301,3
3303,3
3304,3
3306,3
4124,3
3310,3
3312,3
3324,3
3320,3
3319,3
3315,3
743,3
3274,3
3273,3
778,3
100,3
3234,3
757,3
3325,3
3348,3
4086,3
3167,3
4083,3
439,3
3024,3
4085,3
3175,3
3177,3
3178,3
724,3
813,3
4118,3
3228,3
3229,3
3299,3
775,3
769,3
518,3
466,3
3285,3
4115,3
734,3
774,3
3237,3
1046,3
915,3
3386,3
1353,3
400,3
3431,3
403,3
1050,3
4191,3
404,3
4133,3
3270,3
1039,3
1036,3
3010,3
3014,3
1012,3
3347,3
4038,3
409,3
3017,3
3140,3
4036,3
779,3
465,3
517,3
3334,3
802,3
3245,3
795,3
792,3
3342,3
789,3
787,3
3250,3
3261,3
3264,3
98,3
780,3
3262,3
1019,3
798,3
3263,3
2738,2
2928,2
2844,2
2839,2
2996,2
2930,2
2934,2
2717,2
2752,2
2742,2
2740,2
2739,2
2929,2
2677,2
2837,2
162,2
2697,2
2684,2
2687,2
2937,2
2690,2
2692,2
2693,2
2709,2
2730,2
2711,2
2714,2
2720,2
2721,2
165,2
2724,2
2935,2
2921,2
2941,2
2943,2
2847,2
2854,2
2857,2
2859,2
2860,2
2861,2
2864,2
2865,2
2867,2
2868,2
2871,2
2672,2
2843,2
2875,2
2879,2
2920,2
2922,2
148,2
2967,2
147,2
2952,2
2953,2
2962,2
2964,2
2966,2
2969,2
2989,2
2970,2
144,2
141,2
2978,2
2983,2
2984,2
2673,2
3179,2
2757,2
3198,2
3186,2
3187,2
3189,2
3190,2
3194,2
3196,2
3199,2
104,2
3206,2
3208,2
3212,2
3213,2
3214,2
3221,2
3185,2
3238,2
3225,2
3287,2
3279,2
3277,2
2884,2
3281,2
3283,2
3284,2
3293,2
3240,2
3294,2
3296,2
3297,2
3308,2
3249,2
3242,2
3224,2
3227,2
2761,2
2827,2
2810,2
2814,2
2815,2
2818,2
2820,2
2824,2
2828,2
159,2
2829,2
2830,2
2831,2
2836,2
2768,2
2765,2
2808,2
2800,2
3230,2
2995,2
3232,2
3233,2
3236,2
3209,2
1912,2
2997,2
2778,2
2798,2
2779,2
2784,2
2786,2
2788,2
2791,2
2795,2
2882,2
1152,2
2888,2
1085,2
1150,2
399,2
1058,2
398,2
1076,2
1080,2
1087,2
1154,2
1088,2
1089,2
1098,2
397,2
873,2
1102,2
1153,2
1214,2
394,2
1186,2
1169,2
1173,2
1175,2
1179,2
1181,2
1183,2
1187,2
1211,2
1191,2
384,2
1193,2
1203,2
1206,2
1209,2
1111,2
1117,2
2889,2
647,2
634,2
635,2
491,2
643,2
645,2
646,2
489,2
629,2
653,2
655,2
488,2
662,2
3269,2
669,2
631,2
627,2
1126,2
1149,2
1127,2
1129,2
1133,2
1142,2
1143,2
1147,2
1105,2
617,2
870,2
866,2
865,2
612,2
614,2
615,2
1167,2
1165,2
1162,2
996,2
968,2
414,2
972,2
413,2
982,2
412,2
998,2
960,2
1002,2
1011,2
1018,2
1020,2
1021,2
1040,2
961,2
959,2
1161,2
2876,2
2893,2
2895,2
2904,2
2910,2
2912,2
2918,2
3313,2
954,2
247,2
1901,2
941,2
945,2
949,2
950,2
1041,2
423,2
1042,2
926,2
909,2
912,2
916,2
430,2
921,2
925,2
932,2
933,2
1043,2
1048,2
1054,2
1155,2
389,2
1159,2
907,2
906,2
904,2
903,2
899,2
433,2
434,2
893,2
891,2
887,2
886,2
883,2
879,2
877,2
876,2
874,2
931,2
3275,2
2501,2
3268,2
2513,2
2482,2
2486,2
2490,2
2496,2
2286,2
2498,2
2516,2
2476,2
2518,2
2521,2
2525,2
182,2
2532,2
2534,2
2478,2
2473,2
2540,2
2659,2
2638,2
2642,2
170,2
2651,2
2652,2
2658,2
2573,2
2471,2
2557,2
2553,2
2548,2
2466,2
2467,2
2468,2
2537,2
2500,2
242,2
2091,2
2063,2
2075,2
2078,2
2081,2
2083,2
2090,2
2005,2
2045,2
2001,2
2000,2
230,2
1916,2
1918,2
244,2
225,2
2042,2
2285,2
2022,2
2283,2
2279,2
2006,2
2016,2
2017,2
2021,2
2025,2
2038,2
2028,2
2029,2
2032,2
2035,2
2036,2
2037,2
2625,2
2624,2
173,2
2371,2
2442,2
2443,2
2445,2
2448,2
2455,2
2457,2
2458,2
187,2
2365,2
2349,2
2287,2
2288,2
2289,2
2290,2
2435,2
2428,2
2615,2
2400,2
673,2
2384,2
2385,2
2389,2
2395,2
2399,2
2404,2
2425,2
2406,2
2410,2
2416,2
2417,2
2418,2
2423,2
2291,2
203,2
2296,2
2592,2
2463,2
2464,2
2575,2
178,2
2584,2
2587,2
2594,2
2301,2
2595,2
175,2
2599,2
2601,2
2607,2
2608,2
2461,2
2355,2
2348,2
2346,2
2342,2
2338,2
2336,2
202,2
2328,2
2320,2
2319,2
2317,2
2313,2
2312,2
2311,2
2305,2
2302,2
243,2
1934,2
3267,2
3163,2
3139,2
3145,2
3154,2
3156,2
3157,2
3162,2
3168,2
112,2
3169,2
3171,2
3104,2
114,2
3091,2
3090,2
3135,2
3133,2
3008,2
3109,2
2172,2
2135,2
2663,2
2664,2
2670,2
3106,2
3110,2
3131,2
3111,2
3116,2
3117,2
3124,2
3128,2
3129,2
130,2
3012,2
241,2
3251,2
3077,2
3083,2
3058,2
3002,2
106,2
3183,2
3253,2
3073,2
3254,2
3255,2
3258,2
3260,2
3265,2
3266,2
3075,2
3071,2
3013,2
3040,2
3016,2
3022,2
3023,2
3030,2
3032,2
3039,2
107,2
3070,2
3041,2
3059,2
3060,2
3062,2
3063,2
3068,2
2170,2
2168,2
2167,2
2197,2
168,2
223,2
2105,2
2181,2
2192,2
2196,2
2202,2
1997,2
2205,2
2207,2
2209,2
2214,2
2215,2
2221,2
1953,2
1993,2
2165,2
1961,2
1939,2
1940,2
1945,2
1951,2
2093,2
236,2
1963,2
1979,2
1964,2
1965,2
1968,2
1970,2
1973,2
1977,2
2224,2
2225,2
2231,2
1,2
2123,2
2124,2
2128,2
2129,2
2130,2
2132,2
2133,2
2237,2
2137,2
2143,2
2145,2
2148,2
2149,2
2151,2
2122,2
2120,2
2116,2
218,2
2109,2
2174,2
2176,2
211,2
2180,2
2276,2
2267,2
2264,2
2258,2
2256,2
2255,2
2254,2
2243,2
672,2
3375,2
674,2
4037,2
3412,2
3413,2
3424,2
3423,2
3422,2
3822,2
3420,2
3809,2
3625,2
3626,2
3418,2
4176,2
3628,2
4040,2
3810,2
4159,2
3630,2
4056,2
3650,2
3402,2
3401,2
4051,2
4174,2
4055,2
3652,2
3394,2
4057,2
3399,2
3398,2
3397,2
3656,2
3794,2
4042,2
4043,2
3533,2
15,2
3559,2
3904,2
3510,2
3960,2
3962,2
3898,2
3506,2
3957,2
4148,2
23,2
3519,2
3946,2
3549,2
4163,2
4179,2
3557,2
3631,2
3593,2
4044,2
3632,2
3635,2
3414,2
3819,2
3862,2
4138,2
16,2
79,2
3515,2
82,2
3947,2
3905,2
3954,2
4048,2
3643,2
4157,2
3614,2
3314,2
2357,2
4126,2
3442,2
3441,2
89,2
4153,2
1467,2
3834,2
3833,2
3434,2
38,2
4028,2
3433,2
340,2
1462,2
3425,2
1422,2
1401,2
1403,2
1405,2
1413,2
1383,2
1416,2
1431,2
1456,2
1436,2
1445,2
1446,2
1451,2
332,2
1453,2
3618,2
4029,2
4190,2
4152,2
4032,2
3857,2
3451,2
3602,2
3447,2
3605,2
4023,2
4030,2
4024,2
3606,2
4025,2
4189,2
3597,2
4035,2
4020,2
3454,2
4177,2
68,2
3600,2
3456,2
3858,2
3859,2
4136,2
3444,2
3608,2
3851,2
3848,2
4192,2
3535,2
3430,2
4031,2
4183,2
3538,2
606,2
3380,2
53,2
3749,2
3326,2
3340,2
3769,2
3768,2
3378,2
3777,2
7,2
3750,2
3667,2
3666,2
4116,2
3360,2
4079,2
3679,2
4088,2
3781,2
3702,2
4099,2
3358,2
3357,2
4120,2
3344,2
4101,2
4082,2
4071,2
4109,2
3682,2
3683,2
4073,2
3755,2
3730,2
3355,2
3540,2
3734,2
3676,2
3681,2
4068,2
4123,2
3374,2
3725,2
4167,2
3351,2
3743,2
5,2
3693,2
4127,2
3346,2
3782,2
52,2
4104,2
3677,2
3757,2
4111,2
61,2
3660,2
3331,2
3724,2
3686,2
3775,2
3773,2
3787,2
4162,2
56,2
3389,2
3738,2
3707,2
3376,2
3764,2
3330,2
3478,2
3500,2
3991,2
4187,2
3578,2
3579,2
3994,2
3477,2
3970,2
3581,2
3475,2
3874,2
3473,2
3996,2
3471,2
3889,2
21,2
3338,2
3925,2
3931,2
3530,2
3529,2
3936,2
3503,2
3544,2
3922,2
3916,2
4185,2
3527,2
3920,2
4182,2
3524,2
3917,2
3998,2
4000,2
4001,2
3984,2
76,2
3570,2
3493,2
3884,2
3882,2
3877,2
3575,2
3468,2
3577,2
3876,2
3978,2
3658,2
3429,2
3665,2
3875,2
3495,2
3568,2
3976,2
3497,2
3975,2
4141,2
3499,2
3887,2
3972,2
3988,2
3481,2
4059,2
3995,2
4150,2
3587,2
3586,2
1400,2
1399,2
1398,2
1640,2
1628,2
1629,2
1632,2
1634,2
1638,2
1639,2
1646,2
1624,2
1654,2
1663,2
1668,2
1673,2
1678,2
1680,2
1627,2
1622,2
1687,2
754,2
739,2
742,2
744,2
749,2
750,2
751,2
758,2
1221,2
759,2
760,2
761,2
737,2
1217,2
1219,2
1686,2
1688,2
1396,2
1602,2
1588,2
1595,2
1596,2
1597,2
1598,2
1601,2
1603,2
1583,2
1605,2
1608,2
1612,2
1613,2
1593,2
1555,2
1717,2
1574,2
1695,2
1557,2
1701,2
1708,2
1620,2
301,2
1618,2
1617,2
1561,2
1571,2
1562,2
1563,2
1565,2
1566,2
1569,2
1570,2
735,2
687,2
727,2
593,2
573,2
505,2
504,2
581,2
502,2
591,2
500,2
570,2
596,2
569,2
379,2
484,2
688,2
781,2
571,2
564,2
720,2
541,2
603,2
601,2
496,2
530,2
534,2
540,2
511,2
682,2
545,2
546,2
552,2
558,2
560,2
509,2
790,2
462,2
800,2
695,2
442,2
776,2
771,2
768,2
763,2
694,2
697,2
807,2
698,2
699,2
702,2
703,2
707,2
713,2
854,2
852,2
851,2
844,2
843,2
839,2
838,2
834,2
829,2
827,2
825,2
823,2
457,2
458,2
810,2
809,2
808,2
1722,2
1725,2
1829,2
1269,2
1250,2
1252,2
1378,2
1257,2
1263,2
1264,2
1273,2
1246,2
1274,2
1278,2
1281,2
1282,2
1283,2
1284,2
1248,2
1245,2
359,2
1292,2
1369,2
1370,2
1372,2
1374,2
1375,2
1296,2
1290,2
1244,2
1286,2
377,2
1231,2
373,2
371,2
1239,2
1285,2
1258,2
313,2
316,2
1517,2
323,2
1523,2
1526,2
1529,2
317,2
329,2
1381,2
1478,2
1471,2
1469,2
1388,2
1389,2
1390,2
1514,2
1512,2
324,2
1510,2
1509,2
1508,2
1507,2
1506,2
1495,2
1492,2
1488,2
1487,2
1486,2
1483,2
1481,2
328,2
1384,2
1367,2
1352,2
1831,2
1817,2
1888,2
1891,2
1898,2
1825,2
1822,2
1818,2
1726,2
1879,2
1731,2
1732,2
1734,2
1736,2
1738,2
1739,2
251,2
1877,2
1350,2
1847,2
1835,2
1836,2
1838,2
1839,2
1841,2
1846,2
1848,2
1873,2
1865,2
1866,2
1867,2
1868,2
1870,2
1871,2
1740,2
282,2
1755,2
368,2
1297,2
1308,2
1313,2
1314,2
1317,2
1318,2
1323,2
1757,2
1327,2
364,2
1333,2
1344,2
1346,2
1348,2
1551,2
1554,2
1903,2
1773,2
1815,2
1812,2
1802,2
1801,2
1798,2
1795,2
1794,2
1792,2
1788,2
1783,2
1775,2
1772,2
1724,2
2099,2
