community_id,size,avg_degree,top_node,top_node_degree
33,3698,2.05,18929686,3540
12,3342,2.41,17329432,689
1,1656,2.23,21304480,204
51,1556,2.17,15172999,242
17,1416,2.36,18171295,108
10,1268,2.3,21471066,922
14,1213,2.29,20820972,74
131,1203,2.18,18946066,279
45,1117,2.21,17406317,351
130,1073,2.06,23245607,778
13,1001,2.16,21633179,246
18,944,2.23,10549292,157
48,944,2.13,17140455,194
310,840,2.14,22684106,117
28,834,2.25,16477032,208
144,833,2.22,18469831,75
133,807,2.19,20154733,105
41,801,2.27,22113526,140
4,793,2.22,20231323,92
86,787,2.22,15845877,206
286,756,2.19,17463246,405
298,729,2.19,24892770,126
269,710,2.09,18765803,137
63,701,2.16,18180395,237
603,700,2.09,25171403,203
80,647,2.09,21527027,332
227,642,2.17,18473654,133
656,626,2.04,19356713,522
275,621,2.07,18202660,187
35,611,2.16,24217521,53
121,608,2.13,18923076,122
0,605,2.14,20472939,74
1610,600,2.01,10556321,601
279,586,2.1,17616579,76
108,582,2.18,12631061,65
196,561,2.11,16622828,86
96,556,2.06,19665977,102
283,541,2.11,21802619,174
56,531,2.22,20034618,49
865,520,2.01,24316715,470
258,517,2.05,11076791,187
219,517,2.13,22649266,88
371,514,2.13,18560002,80
295,503,2.14,22660318,126
213,500,2.06,21145350,68
358,495,2.13,20981101,172
533,493,2.18,19047324,35
758,491,2.1,20887954,289
64,489,2.11,23630272,74
192,459,2.17,10677535,78
150,459,2.12,17895982,70
429,458,2.11,19926034,106
1115,457,2.03,25417114,433
455,446,2.09,21659004,106
307,445,2.13,12573379,146
294,442,2.17,19470939,104
27,435,2.12,17252887,29
72,434,2.2,16651510,105
263,433,2.11,23899564,67
30,429,2.1,16054062,130
185,429,2.08,19125888,59
143,427,2.06,21343387,61
311,426,2.13,19571279,218
69,426,2.07,22328973,59
442,421,2.05,19561607,102
231,420,2.11,20386735,66
365,418,2.11,23312281,98
125,416,2.12,15876624,116
282,411,2.19,22448344,83
160,406,2.14,19764883,40
412,406,2.14,15338462,44
109,402,2.08,15927967,65
1074,395,2.14,16407106,163
494,387,2.09,23770565,67
445,377,2.17,16835426,102
265,369,2.07,15313941,84
381,363,2.22,20848482,46
319,360,2.11,23758995,46
563,360,2.17,25129147,75
222,356,2.12,20671243,45
270,349,2.13,17332414,50
193,347,2.07,20727968,107
92,345,2.05,22588767,104
318,342,2.17,18815314,84
362,331,2.14,12825775,100
139,330,2.13,15343421,134
827,329,2.09,16814729,125
168,328,2.04,22214755,45
26,321,2.22,17032986,73
197,321,2.14,16763205,32
38,313,2.04,15509817,85
98,308,2.06,12855591,40
141,308,2.13,18794853,62
228,302,2.17,23663781,97
42,300,2.06,17878149,79
134,298,2.07,11955534,41
404,294,2.07,22698406,135
114,292,2.18,16413480,149
1246,290,2.08,20819927,192
476,282,2.2,24388332,48
191,281,2.02,22279555,33
259,280,2.11,15631989,63
112,275,2.04,15548661,51
34,275,2.07,25313054,82
59,272,2.05,12432047,66
239,265,2.06,17003475,28
83,264,2.07,24859528,63
190,259,2.12,8988165,67
85,258,2.06,10330192,64
159,257,2.08,18415652,68
126,253,2.31,15176478,37
526,253,2.1,23762245,89
187,252,2.21,15131149,52
401,242,2.05,18946062,39
81,240,2.08,23979164,35
84,238,2.09,20041210,88
888,233,2.03,15601964,57
180,229,2.14,20172911,132
338,229,2.14,20727790,54
337,229,2.03,16469926,81
70,224,2.27,20516417,45
166,223,2.12,22094370,33
567,223,2.08,10666429,59
115,219,2.06,18293091,53
250,214,2.16,15998894,39
328,212,2.07,12362007,44
120,211,2.12,16447289,27
501,210,2.1,18959790,69
457,202,2.1,11435451,46
264,200,2.15,24874954,40
448,199,2.14,9133425,33
138,193,2.12,21696995,60
74,191,2.06,16421365,46
374,191,2.1,24291279,56
375,189,2.02,24304775,110
351,188,2.12,21850668,25
689,187,2.07,21377034,32
62,173,2.03,21917867,33
209,168,2.06,19329561,95
386,165,2.05,19096044,52
43,165,2.15,22968706,36
116,163,2.09,11916537,36
564,154,2.03,21606048,46
704,146,2.07,18569183,28
562,144,2.05,19109115,45
463,140,2.39,16606824,71
570,136,2.19,21779173,30
661,135,2.1,12954871,25
1801,132,2.09,21565611,82
642,125,2.07,17319909,68
251,123,2.0,19922052,41
597,121,2.05,19165464,35
596,118,2.16,17317388,64
800,114,1.99,23301102,27
437,113,2.01,23661763,60
46,109,2.03,19392863,47
1854,85,1.99,24462211,63
643,84,2.02,12823810,17
325,84,2.12,19443682,42
40,80,2.05,10658010,21
695,75,2.13,21357188,47
189,73,2.08,24903663,26
3924,69,1.97,22345490,68
36,67,2.01,23075828,29
558,66,2.18,21763384,33
306,61,2.07,20600263,19
20,60,2.03,19704099,16
700,60,2.33,12697834,25
3275,60,2.02,17363526,57
2357,59,1.97,20639891,43
911,58,2.17,20053780,14
492,57,2.02,8297217,33
706,55,2.0,16088383,18
751,55,2.05,15565467,20
157,54,2.06,18464930,23
623,52,2.04,21414926,21
1671,50,1.96,21151999,31
581,49,2.16,18369452,25
276,48,2.06,15939812,39
1877,46,1.98,20943916,45
366,46,2.2,19845739,16
344,45,1.96,24162651,29
2940,44,1.95,17922185,22
754,44,2.3,16750794,23
470,44,2.0,22955919,20
1233,43,1.98,15694294,28
1222,42,2.0,12407104,24
1385,41,1.98,12686529,17
3071,39,1.95,19268725,32
424,39,2.0,18692981,17
3190,38,1.95,19460351,37
1768,37,1.97,18080294,22
407,37,1.95,17541043,18
1557,37,2.11,21791657,11
71,37,1.95,12123457,19
1680,36,1.94,19194022,30
540,36,1.94,18717637,15
799,36,1.97,20625067,17
788,36,2.08,12707036,12
3568,35,1.94,19118063,23
1616,34,1.94,23531748,30
32,34,2.0,15968231,15
2445,34,2.06,19412178,28
2522,34,1.94,16858389,33
2178,34,1.94,22379246,14
481,33,1.97,16393016,14
2712,33,1.94,19489890,31
1932,33,1.94,12496143,32
2333,33,1.97,19419954,29
1811,32,1.94,17922916,31
277,32,2.12,19022157,12
1777,31,1.94,18156967,30
1258,31,1.97,20385341,22
7,31,1.94,0,30
1001,31,1.94,24450859,24
2039,30,1.93,21164501,14
667,30,2.13,22052513,14
1424,30,1.93,20220602,26
3160,30,2.0,19073920,28
1865,30,1.93,10075499,29
3816,30,1.93,16372357,29
353,28,1.93,22836126,15
2108,27,1.96,17881626,22
2990,27,1.93,23900589,26
856,27,1.96,18436340,14
1693,27,2.0,23314233,10
198,27,1.93,22529296,21
1461,27,1.93,21394001,7
1199,27,1.93,23545767,26
2306,27,1.93,21739472,26
354,26,1.92,15284266,21
634,26,1.96,19134509,8
2604,26,1.92,17898283,19
3356,26,1.92,15766613,15
1031,26,1.92,19685955,19
1699,26,1.96,16297554,25
2566,25,1.92,8703181,14
101,25,2.4,23576561,17
2109,25,1.96,25072931,24
2010,25,2.0,20948438,15
2060,25,1.92,15800062,19
2444,25,1.92,20542546,24
2223,25,1.92,22045295,14
728,25,1.92,16955051,9
453,25,2.0,15453561,20
1341,25,1.92,11325827,24
1896,24,1.92,17483331,23
1824,24,1.92,2016438,23
1413,24,1.92,18303071,14
2110,24,1.96,21799477,23
773,24,1.92,23169101,20
4031,24,1.92,17010956,23
1321,24,1.92,18030595,23
1153,24,1.92,22291013,23
3270,24,1.92,21917963,23
1148,24,1.92,23882081,23
199,24,1.92,12226107,12
2114,24,1.92,20836539,20
975,24,1.92,21670745,18
100,24,1.92,17287261,13
1848,23,2.09,22883680,11
1808,23,2.0,15477499,9
1755,23,2.0,22202707,11
1856,23,1.96,23725972,22
1861,23,2.26,17989313,17
2169,23,1.91,21057367,11
802,23,1.91,19192042,13
3704,23,1.91,19883577,20
1396,23,1.91,18787001,11
864,23,2.0,21225912,11
1403,22,1.91,23727209,12
1707,22,1.91,16293578,21
425,22,1.91,23517088,14
1207,22,1.91,21306989,21
1328,22,1.91,21460292,16
3012,22,1.91,21507958,21
3878,22,1.91,20354968,21
724,22,1.91,21627112,16
3578,22,1.91,15285718,21
1477,22,1.91,16644003,8
942,21,1.9,25028567,8
853,21,1.9,20585474,20
2408,21,1.9,15185170,20
1430,21,2.0,20471805,14
1007,21,2.0,23834843,9
869,21,2.0,17416673,11
1441,21,1.9,14652304,20
2658,21,1.9,19787345,16
1215,21,1.9,11867517,18
341,21,1.9,24015960,11
278,21,1.9,19766235,12
626,21,1.9,20966008,20
1710,20,1.9,14662577,19
129,20,1.9,21876822,10
1059,20,1.9,12388327,12
2690,20,1.9,17207683,12
2817,20,1.9,16723408,19
1442,20,1.9,23782922,8
352,20,1.9,20732903,10
3706,20,1.9,22941571,19
1015,20,1.9,23914949,14
933,20,1.9,21576088,10
284,20,1.9,19584184,19
1177,20,1.9,15707404,9
2767,20,1.9,22445457,11
1950,20,2.0,17165618,11
1936,20,1.9,20395370,16
2304,20,1.95,19414613,19
2637,20,1.9,10528034,17
95,20,1.9,17413069,15
1529,20,2.35,16962649,12
2991,20,1.9,15226047,16
1956,20,1.9,19448672,13
2347,20,1.9,18307661,10
2663,19,1.89,21959161,18
3052,19,2.11,16912293,10
4005,19,1.89,23491405,18
357,19,1.89,15792513,9
1964,19,1.89,20176027,18
1232,19,2.0,19469608,8
3006,19,2.0,22218842,12
2960,19,1.89,16921029,18
1329,19,1.89,17011332,14
1520,19,1.89,19465415,14
600,19,1.89,14584890,18
3531,19,1.89,25373390,9
1505,19,1.89,23773154,10
2610,19,1.89,19936834,11
207,19,2.0,23239211,7
841,19,1.95,17530503,18
3800,19,1.89,12390539,18
1582,19,1.89,21717488,18
1621,19,1.89,23265631,14
1706,19,1.89,17326161,18
297,19,2.0,23292769,10
1391,18,1.89,17497721,9
3017,18,1.89,19726499,14
1185,18,1.94,18579209,11
901,18,1.89,20513670,13
1855,18,1.89,19064523,17
2086,18,1.89,20088654,6
1418,18,1.89,12626383,13
1640,18,1.89,17873063,17
1745,18,1.89,19243749,17
1972,18,1.89,12838525,11
316,18,2.0,17069107,8
3021,18,1.89,21041954,17
599,18,1.89,9931529,11
985,18,1.89,15371986,8
3186,18,2.0,15961727,13
3744,18,1.89,16670268,17
2422,18,1.89,19789351,17
1039,18,1.89,23658788,17
3529,18,1.89,22496122,17
590,18,1.89,15940760,17
1629,18,1.89,19373789,15
3194,18,1.89,22544978,17
972,18,2.11,17389632,10
1596,18,1.89,10858247,17
1067,17,1.88,21076861,8
1223,17,1.88,23431033,16
1929,17,1.88,24285907,16
44,17,1.88,12767982,16
545,17,1.88,10357695,11
2737,17,1.88,19497559,16
3846,17,1.88,20173423,16
431,17,1.88,22926754,10
49,17,1.88,17557987,16
817,17,2.12,23053627,12
1043,17,1.88,22590586,16
473,17,1.88,15266739,6
943,17,1.88,23896931,16
475,17,2.0,8755760,7
2848,17,1.88,22472274,16
829,17,1.88,22471841,16
1658,17,1.88,22954664,12
3062,17,1.88,17969161,16
3378,17,1.88,11221878,16
356,17,1.88,21076193,9
727,17,1.88,21174250,16
1818,17,2.12,23333501,9
3470,17,1.88,23602124,16
1493,17,1.88,18448742,16
1810,17,1.88,22371388,6
3148,17,1.88,19327742,7
495,17,1.88,22994907,13
3455,17,1.88,16279894,16
2886,17,1.88,24367955,16
670,17,1.88,16885026,16
1345,17,2.0,16636211,10
1684,17,1.88,19962808,16
904,16,1.88,12490594,15
3941,16,1.88,18209166,15
1108,16,1.88,22344246,7
826,16,1.88,18173784,15
1055,16,1.88,18684809,12
313,16,1.88,15937291,15
544,16,1.88,20040605,15
1528,16,2.0,22794317,9
281,16,1.88,21857999,15
1538,16,1.88,19264868,11
2974,16,1.88,12768134,9
3050,16,1.88,20533959,15
3000,16,1.88,11529694,8
2216,16,1.88,12805342,15
3198,16,1.88,17195213,12
2126,16,1.88,17517648,15
1940,16,1.88,15213210,11
2152,16,1.88,21489886,9
1239,16,1.88,20848235,8
3868,16,1.88,21422460,15
3695,16,1.88,13129993,15
396,16,2.0,15661159,12
524,16,1.88,24143248,13
1908,16,1.88,11149429,13
3063,16,1.88,24449818,15
1668,15,1.87,20086279,14
2373,15,1.87,20734360,14
925,15,1.87,22305533,12
1122,15,1.87,19515912,14
2593,15,1.87,16352959,14
2631,15,1.87,20828874,14
3803,15,1.87,16718540,14
687,15,1.87,18208324,14
1250,15,1.87,11896048,14
3360,15,1.87,19641744,14
900,15,1.93,22275251,9
1636,15,1.87,17968833,14
2785,15,1.87,19154791,12
961,15,1.87,20732512,14
1062,15,1.87,2234714,14
3971,15,1.87,19924526,14
2900,15,1.87,22549384,14
1367,15,1.87,23734718,14
3599,15,1.87,22837419,14
1446,15,1.93,19359123,11
1971,15,1.87,21767261,9
1165,15,1.87,17681492,14
2006,15,1.87,17069664,14
2573,15,1.87,22444780,14
1029,15,1.87,21282113,14
1916,15,1.87,18395835,14
1562,15,1.87,18565881,14
1394,15,1.87,16007540,10
380,15,1.87,23592656,6
4091,15,1.87,23370363,14
790,14,1.86,22575211,13
3979,14,1.86,18495084,13
3958,14,1.86,16235673,13
584,14,1.86,12438371,13
3875,14,1.86,17928629,13
4123,14,1.86,11371643,13
847,14,1.86,23568591,13
843,14,1.86,17728419,6
594,14,1.86,15377995,13
2821,14,1.86,22813744,13
1356,14,1.93,19716547,7
2043,14,1.86,21681871,5
2273,14,2.0,22775995,8
2189,14,1.86,20298529,13
1489,14,1.86,12441814,5
1531,14,1.86,20511507,13
1544,14,1.93,23386663,9
1549,14,1.86,18339206,13
217,14,1.86,19540259,9
3381,14,1.86,19663901,13
383,14,1.86,15698624,13
3350,14,1.86,12072546,13
1677,14,1.86,23880492,13
1974,14,1.86,15890922,13
3286,14,1.86,17443368,13
1778,14,1.86,21554987,13
1901,14,2.14,21697337,7
532,14,1.86,15066997,7
3607,14,1.86,22258823,13
3117,14,1.86,20133865,9
2676,14,1.86,23493384,13
3785,14,1.86,15150080,13
3734,14,1.86,19356506,13
165,14,1.86,19568924,8
959,14,1.86,18977809,9
3709,14,1.86,10679409,13
2662,14,1.86,17510973,13
408,14,1.86,10356105,13
1063,14,1.86,20621892,13
949,14,1.86,19798766,13
393,14,1.86,22592898,13
441,14,1.86,22474362,13
930,14,2.14,19654386,8
3806,14,1.86,21737798,13
1986,13,1.85,19206810,12
1953,13,1.85,23040011,12
1927,13,2.0,20573880,9
2745,13,1.85,17664476,12
2541,13,1.85,19879893,12
2528,13,1.85,17513497,9
4146,13,1.85,18473644,12
2202,13,1.85,21264226,12
2260,13,2.15,10517791,11
582,13,1.85,19440053,12
2985,13,1.85,22361023,12
3075,13,1.85,16487493,12
2869,13,1.85,18591386,12
2921,13,1.85,20598900,8
3831,13,1.85,21355048,12
3443,13,1.85,23544200,12
3172,13,1.85,22127642,12
1371,13,1.85,22770676,12
950,13,1.85,10898252,12
3730,13,1.85,16873548,12
823,13,1.85,18216199,9
1123,13,1.85,20878837,12
1178,13,1.85,21204800,12
1240,13,1.85,19131156,12
3644,13,1.85,21771878,12
3616,13,1.85,20418054,12
1338,13,1.85,15019326,12
1380,13,1.85,24992579,7
1775,13,1.85,12032889,12
3584,13,1.85,23591866,12
1481,13,1.85,21628695,12
1488,13,2.0,17353351,10
716,13,2.15,22710705,8
3918,13,1.85,15687259,12
923,13,1.85,22872102,12
694,13,1.85,21142982,10
680,13,1.85,18722936,12
3938,13,1.85,23025547,7
1447,13,1.85,22993296,12
153,13,1.85,19228728,12
451,13,2.0,15897791,5
459,13,1.85,10749577,12
296,13,1.85,23219297,8
50,13,1.85,19335098,12
89,13,1.85,16706843,12
271,13,1.85,16454657,5
434,13,1.85,17845139,7
182,13,1.85,22048230,11
3317,12,1.83,25404333,11
2825,12,1.83,12429726,7
3828,12,1.83,12874027,11
2003,12,1.83,23062903,7
2718,12,1.83,21894183,7
3855,12,1.83,21093800,11
1386,12,1.83,16868233,11
235,12,1.83,22628159,11
3827,12,1.83,22669120,11
3894,12,1.83,18651760,11
1348,12,1.83,17537738,7
3297,12,1.83,23036856,6
3291,12,1.83,24367038,11
3258,12,1.83,23118142,11
1968,12,1.83,15476690,7
602,12,1.83,21029999,9
3421,12,1.83,23163268,11
2721,12,1.83,20042227,11
3679,12,1.83,3019565,11
421,12,1.83,9365108,8
1641,12,1.83,22218146,11
293,12,1.83,22454497,11
1050,12,1.83,19615694,6
3732,12,1.83,21642684,11
1568,12,1.83,19144762,7
3494,12,1.83,22002996,11
333,12,1.83,20501685,11
3778,12,1.83,7944164,11
3467,12,1.83,21868447,11
52,12,2.17,23341756,8
1500,12,1.83,19713949,9
1966,12,1.83,19961670,11
2833,12,2.0,20381752,6
3903,12,1.83,12049534,11
308,12,1.83,17644808,11
3910,12,1.83,23090115,11
482,12,1.83,15893473,9
555,12,1.83,23620143,11
2228,12,1.83,24934607,11
745,12,1.83,23810798,11
1343,12,1.83,16177058,11
2238,12,1.83,21110043,11
2250,12,1.83,18434532,11
471,12,1.83,16629290,11
488,12,1.83,17519538,11
4110,12,1.83,15452244,11
4121,12,1.83,15897471,11
4122,12,1.83,21738006,11
140,12,1.83,21837784,11
772,12,1.83,25729341,11
2343,12,1.83,16234519,11
2158,12,1.83,20659490,7
2655,12,1.83,21980259,11
2119,12,1.83,17495203,11
946,12,1.83,23145066,9
1103,12,1.83,11809255,11
104,12,2.0,17058225,7
3173,12,1.83,20003063,11
653,11,1.82,15935983,4
184,11,1.82,21195713,10
2100,11,1.82,24029625,10
3169,11,1.82,14577856,8
1010,11,1.82,16585412,5
274,11,1.82,23160099,8
107,11,1.82,23284995,10
67,11,1.82,22069164,5
2495,11,1.82,18855024,10
2887,11,1.82,18270341,10
1845,11,1.82,23733000,10
3638,11,1.82,16467104,10
3661,11,1.82,18061361,10
3669,11,1.82,22559326,10
878,11,1.82,18238736,10
2079,11,1.82,21157041,10
952,11,1.82,18511760,8
1893,11,1.82,10708075,7
1872,11,1.82,15940129,10
875,11,1.82,21680919,10
487,11,1.82,21925292,7
2860,11,1.82,10888368,10
2197,11,1.82,12451211,7
3432,11,1.82,16275181,7
948,11,1.82,23338773,10
3035,11,1.82,19269531,10
449,11,1.82,18046413,10
236,11,1.82,18334582,5
225,11,1.82,20533369,10
2232,11,1.82,23582238,10
3475,11,1.82,24056533,10
783,11,1.82,21613575,10
693,11,2.0,12958057,6
1921,11,1.82,22418981,4
671,11,1.82,21149765,7
3008,11,2.18,21748544,6
995,11,1.82,20436683,10
2372,11,1.82,19034189,6
2891,11,1.82,21125314,10
422,11,1.82,22099861,10
3726,11,1.82,24195453,10
1486,11,1.82,19297067,10
833,11,1.82,16322091,10
514,11,2.18,21212160,7
2649,11,1.82,23372175,10
4061,11,1.82,12370275,10
2696,11,1.82,24947722,10
2751,11,1.82,17393217,10
347,11,1.82,21891782,7
1427,11,1.82,23409072,7
4089,11,1.82,23190896,10
1560,11,1.82,19733596,10
4093,11,1.82,21636265,10
2618,11,1.82,21571254,10
1132,11,1.82,21496751,10
1586,11,1.82,22491752,10
1242,11,1.82,16787803,10
1400,11,1.82,22809263,10
2643,11,1.82,21623223,10
156,10,1.8,18356768,8
2648,10,1.8,26834515,9
958,10,1.8,21576512,9
3949,10,1.8,23479541,9
4032,10,1.8,23404774,9
2847,10,1.8,10930464,9
2455,10,1.8,23129592,9
2150,10,1.8,9918381,5
2089,10,1.8,18323534,9
379,10,1.8,20969723,5
569,10,1.8,18536530,7
4017,10,1.8,18556587,9
414,10,1.8,21500879,6
3967,10,1.8,18823909,9
2708,10,1.8,24920678,9
717,10,1.8,19006657,5
3970,10,1.8,23207423,9
169,10,1.8,17707133,7
3983,10,1.8,9618542,9
3988,10,1.8,23264903,9
3134,10,1.8,22957638,9
3068,10,1.8,15706440,9
2167,10,1.8,15619237,9
2284,10,1.8,17502401,9
881,10,1.8,12812327,9
2366,10,1.8,23466454,9
1167,10,1.8,21980319,6
2335,10,1.8,22773936,9
1147,10,1.8,21636660,9
2322,10,1.8,14679194,9
1212,10,1.8,19395440,9
2310,10,1.8,15834948,9
2866,10,1.8,16936558,9
1225,10,1.8,10802754,8
392,10,2.0,22216364,4
752,10,1.8,23751938,5
935,10,1.8,17222393,9
1136,10,1.8,19360513,9
3013,10,1.8,18163397,9
4082,10,1.8,15956529,9
2692,10,1.8,16458676,9
4075,10,1.8,24056225,9
2218,10,1.8,15215211,9
1121,10,1.8,19485597,7
2210,10,1.8,20938308,9
3211,10,1.8,20937937,9
2174,10,1.8,16840570,9
3083,10,1.8,10792628,9
3209,10,1.8,24135387,9
3225,10,1.8,20679239,8
19,10,1.8,17255565,9
3714,10,1.8,15542855,9
2070,10,1.8,12577202,9
3769,10,1.8,9779157,9
1542,10,1.8,19827454,9
862,10,1.8,19747474,9
2519,10,1.8,15681742,9
3549,10,1.8,19432549,9
3741,10,1.8,21622934,9
3573,10,1.8,20677291,9
1051,10,1.8,18455277,9
280,10,1.8,19037008,9
287,10,1.8,18065588,7
3482,10,1.8,25058149,9
1729,10,1.8,19010890,9
58,10,1.8,12183593,9
3705,10,1.8,12214272,9
2579,10,1.8,22986583,9
312,10,1.8,12197968,9
1695,10,1.8,21112387,9
1035,10,1.8,16738331,9
3702,10,1.8,21289643,9
3662,10,1.8,20434886,9
304,10,2.0,20844005,6
3774,10,1.8,16087785,9
1897,10,1.8,11895927,9
3869,10,1.8,17671284,9
1458,10,1.8,15302877,5
964,10,1.8,19225037,9
3700,10,1.8,22314016,9
3906,10,1.8,11133365,9
868,10,1.8,16319684,9
2647,10,1.8,23634201,7
1098,10,1.8,22201111,9
2023,10,1.8,15972070,9
1347,10,1.8,24231350,9
1382,10,1.8,23985432,9
1401,10,1.8,21300697,9
3332,10,1.8,12928344,9
2549,10,1.8,16876287,6
3826,10,1.8,16818546,9
1512,10,1.8,25437555,9
1468,10,1.8,21653838,9
1075,10,1.8,19679562,9
87,10,1.8,18482666,9
339,10,1.8,20168307,9
3399,10,1.8,17560953,9
3410,10,1.8,17428865,9
2646,9,1.78,1991906,8
2395,9,1.78,22011237,8
2473,9,1.78,23912307,8
176,9,1.78,12829824,8
2560,9,1.78,21606454,8
861,9,1.78,17893097,8
2525,9,1.78,11092870,8
2603,9,1.78,21423444,8
2447,9,1.78,19321634,8
2513,9,1.78,10319241,8
1944,9,1.78,23102121,8
886,9,1.78,16157227,8
2382,9,1.78,25062639,8
1030,9,1.78,12940898,8
1666,9,1.78,20369076,8
1620,9,1.78,19040677,6
1609,9,1.78,22279172,8
1588,9,1.78,16177126,8
1551,9,1.78,18510455,8
329,9,1.78,22364141,8
1503,9,1.78,12972589,8
1070,9,1.78,14984001,8
1470,9,1.78,10399065,8
1456,9,1.78,21596055,8
1452,9,1.78,18768434,8
376,9,1.78,14572449,8
1107,9,1.78,17294497,8
1319,9,1.78,20166753,8
1314,9,1.78,22166941,8
1116,9,1.78,25285324,8
1296,9,1.78,12736626,3
1124,9,1.78,21914489,6
1126,9,1.78,15046719,8
1234,9,1.78,18493824,8
1724,9,1.78,20037502,8
1835,9,1.78,20176932,8
1886,9,1.78,24009714,8
2088,9,1.78,16357322,8
2323,9,1.78,11960541,8
2296,9,1.78,22238443,8
2293,9,1.78,15533180,8
2257,9,1.78,17040154,8
215,9,1.78,23784673,8
2185,9,1.78,16056147,5
2162,9,1.78,20199511,8
2151,9,1.78,19413448,5
2146,9,1.78,25275005,8
2069,9,1.78,21532539,8
999,9,1.78,25503637,8
233,9,1.78,14691551,8
2030,9,1.78,22328450,8
2008,9,1.78,22160656,8
2007,9,1.78,20160004,5
1994,9,1.78,19368959,8
1960,9,1.78,20973920,8
472,9,1.78,21461185,7
1895,9,1.78,18761646,8
998,9,1.78,20534642,8
822,9,1.78,11602747,8
465,9,1.78,12571354,8
2670,9,1.78,17893687,8
3535,9,1.78,18519746,8
3487,9,1.78,17187586,5
684,9,1.78,12184509,7
685,9,1.78,3537453,8
3230,9,1.78,19465370,8
3167,9,1.78,20184987,8
719,9,1.78,17682975,8
3058,9,1.78,17703976,8
3056,9,1.78,21940962,6
3034,9,1.78,16679310,8
3019,9,1.78,21359124,8
135,9,1.78,21640382,8
753,9,1.78,12117366,6
2999,9,1.78,19746172,8
2968,9,1.78,25049164,8
2962,9,1.78,21060075,8
2939,9,1.78,23468071,8
2880,9,1.78,22665138,8
3507,9,1.78,24050144,8
3565,9,1.78,18412102,8
2810,9,1.78,15840016,8
3569,9,1.78,18789830,8
4175,9,1.78,12869508,8
529,9,1.78,23352634,7
4095,9,1.78,11719626,8
11,9,1.78,20059993,5
3886,9,1.78,11525880,8
3883,9,1.78,1421733,8
611,9,1.78,22870900,8
55,9,1.78,17937426,3
3727,9,1.78,18830999,8
3710,9,1.78,10735269,8
631,9,1.78,12634479,5
3688,9,1.78,22577870,8
3651,9,1.78,24214986,8
3614,9,1.78,10067857,8
505,9,1.78,23340884,8
3604,9,1.78,20004784,8
3577,9,1.78,21343702,8
2846,9,1.78,16186340,8
3447,9,1.78,21573017,8
2794,9,1.78,9778256,8
2757,9,1.78,21576607,8
2764,9,1.78,22580961,7
2726,9,1.78,19304942,8
1152,8,1.75,23293291,7
2588,8,1.75,22308489,7
3313,8,1.75,17595273,7
1372,8,1.75,19728056,7
3365,8,1.75,24954571,7
3403,8,1.75,23041122,7
2002,8,1.75,15377957,5
2585,8,1.75,21558587,4
237,8,1.75,23683376,7
1423,8,1.75,17534977,7
1949,8,1.75,22030098,4
3293,8,1.75,17689142,7
3481,8,1.75,12488428,7
1436,8,1.75,11714888,7
2592,8,1.75,20051139,7
3856,8,1.75,18230022,7
1892,8,1.75,16772311,7
2014,8,1.75,11585480,7
2025,8,1.75,18378868,3
430,8,1.75,25440307,3
3896,8,1.75,17372838,7
3162,8,1.75,23683561,7
3929,8,1.75,19059108,7
3163,8,1.75,12409266,7
720,8,1.75,18645495,7
2760,8,1.75,24136008,7
2101,8,1.75,16433917,7
2581,8,1.75,19237719,7
3174,8,1.75,23934018,7
3205,8,1.75,12826368,7
2081,8,1.75,25170645,7
1346,8,1.75,22886633,7
3219,8,1.75,23534358,7
705,8,1.75,23047708,7
3221,8,1.75,20810158,7
2056,8,1.75,15550796,7
580,8,1.75,22034206,7
1154,8,1.75,22444461,7
1890,8,1.75,23760820,7
3842,8,1.75,21571217,7
3847,8,1.75,16166403,7
3684,8,1.75,16446430,7
1032,8,1.75,19008067,5
645,8,1.75,15090502,7
1681,8,1.75,19000742,7
641,8,1.75,17263667,7
3793,8,1.75,20697046,7
637,8,1.75,24883050,7
3750,8,1.75,21669899,7
1654,8,1.75,12591588,4
3801,8,1.75,12627366,7
1652,8,1.75,20148982,7
2715,8,1.75,18516587,7
3748,8,1.75,9605988,7
828,8,1.75,11331749,7
810,8,1.75,21248315,7
3742,8,1.75,15917481,7
3735,8,1.75,16418788,7
2724,8,1.75,21560115,7
1712,8,1.75,19754156,6
3133,8,1.75,18923398,4
3820,8,1.75,22167593,7
1864,8,1.75,17584315,7
2806,8,1.75,22342942,7
75,8,1.75,16170337,7
1819,8,1.75,20860642,7
1469,8,1.75,21822405,7
1014,8,1.75,11053503,7
1796,8,1.75,21931154,7
1773,8,1.75,25530743,7
1719,8,1.75,19118266,7
1772,8,1.75,15172883,4
1769,8,1.75,19139085,7
1760,8,1.75,23684816,7
1743,8,1.75,20558288,4
3807,8,1.75,16624867,7
3625,8,1.75,14645769,7
3630,8,1.75,16808560,7
3141,8,1.75,11964278,7
1100,8,1.75,19509123,5
3966,8,1.75,23635311,7
4077,8,1.75,23209323,7
891,8,1.75,22186998,7
2931,8,1.75,19944769,7
2353,8,1.75,20226391,7
2661,8,1.75,24306482,6
2791,8,1.75,22391631,7
2339,8,1.75,15253711,7
2337,8,1.75,20638461,7
1131,8,1.75,25299336,7
2327,8,1.75,21516545,7
1264,8,1.75,12632689,5
2550,8,1.75,19155970,7
147,8,1.75,10499526,5
1284,8,1.75,22869188,7
2561,8,1.75,10706094,7
450,8,1.75,16809253,5
1248,8,1.75,17436978,7
2376,8,1.75,16682665,7
2914,8,1.75,21700761,7
2835,8,1.75,19594266,7
2807,8,1.75,19724204,7
1181,8,1.75,20453769,7
2667,8,1.75,23794750,7
2488,8,1.75,21506806,7
2483,8,1.75,14987411,7
1206,8,1.75,10594830,7
4170,8,1.75,16104378,7
5,8,1.75,20668223,7
2836,8,1.75,17230532,7
2450,8,1.75,21888816,7
2859,8,1.75,22244599,6
2867,8,1.75,15469923,7
2440,8,1.75,19179480,7
4143,8,1.75,19042988,7
2269,8,1.75,15867494,7
2693,8,1.75,16440216,7
210,8,1.75,19702471,7
2165,8,1.75,19856406,7
4023,8,1.75,15728200,7
1111,8,1.75,15128823,6
1308,8,1.75,19750482,7
4027,8,1.75,17713395,7
3041,8,1.75,11285305,7
1110,8,1.75,14758167,7
4022,8,1.75,20144366,7
1302,8,1.75,7568002,7
1297,8,1.75,17353444,7
128,8,1.75,16271552,6
2763,8,1.75,17675553,7
3086,8,1.75,21905164,7
2671,8,1.75,16763206,7
2235,8,1.75,21704602,7
2239,8,1.75,17468402,7
3111,8,1.75,23133403,7
3098,8,1.75,17684230,7
3103,8,1.75,20483972,7
411,8,1.75,10831703,5
1340,7,1.71,18818054,6
1230,7,1.71,9722574,6
4176,7,1.71,23934853,6
1217,7,1.71,23459738,6
1585,7,1.71,14733728,6
3799,7,1.71,22689752,6
1170,7,1.71,16816289,6
1559,7,1.71,25318026,6
1508,7,1.71,19782151,6
3901,7,1.71,16776678,6
3752,7,1.71,23129081,6
1541,7,1.71,22672699,6
1202,7,1.71,21477924,6
397,7,1.71,2845043,3
1545,7,1.71,16135924,6
3948,7,1.71,16344363,6
1203,7,1.71,14597525,6
1510,7,1.71,25392742,6
4107,7,1.71,20591747,6
4012,7,1.71,10728698,6
2654,7,1.71,17142742,6
1318,7,1.71,15777868,6
3819,7,1.71,17710552,6
1236,7,1.71,15223795,5
1279,7,1.71,14718389,6
1388,7,1.71,15693920,6
1289,7,1.71,22020617,6
3882,7,1.71,20837544,6
25,7,1.71,19924713,6
1411,7,1.71,10864975,6
2674,7,1.71,22882000,6
3860,7,1.71,20333273,6
4087,7,1.71,12470131,6
1281,7,1.71,22743083,6
1437,7,1.71,10790352,4
1438,7,1.71,19289390,4
349,7,1.71,12413376,4
4064,7,1.71,15837938,6
1450,7,1.71,24927296,6
2664,7,2.57,19333148,5
1333,7,2.0,16575741,5
1270,7,1.71,18408039,6
1350,7,1.71,22743377,6
4049,7,1.71,25217001,6
1298,7,1.71,22382618,6
3838,7,1.71,17616526,6
3833,7,1.71,20090778,6
1260,7,1.71,18957706,6
3821,7,1.71,19762670,6
1313,7,1.71,17519894,6
2685,7,1.71,18302495,6
3898,7,1.71,11698698,6
4096,7,1.71,15362045,6
3851,7,1.71,15714138,6
2797,7,1.71,24408885,4
3729,7,1.71,21441077,6
2139,7,1.71,20105578,5
146,7,1.71,19910463,6
2290,7,1.71,7309228,6
2285,7,1.71,14597588,6
2261,7,1.71,17023075,6
3007,7,1.71,20875530,6
2563,7,1.71,18794393,6
3018,7,1.71,19586209,6
2234,7,1.71,19915513,6
3029,7,1.71,17574973,6
2224,7,1.71,23991691,6
2569,7,1.71,22847602,6
2206,7,1.71,23099241,6
2198,7,1.71,22415601,6
2572,7,1.71,18378376,6
2195,7,1.71,18806536,6
181,7,1.71,17298004,6
3079,7,1.71,19226468,6
2181,7,1.71,20208057,6
3081,7,1.71,21621538,6
2172,7,1.71,21573881,6
3088,7,1.71,19497998,6
2559,7,1.71,24219697,6
2316,7,1.71,19264627,6
2953,7,1.71,17934183,6
2434,7,1.71,22339537,6
2808,7,1.71,9529320,6
2502,7,1.71,17706206,6
2815,7,1.71,23380026,6
2819,7,1.71,20493560,3
2491,7,1.71,23996725,6
2827,7,1.71,22125059,6
2479,7,1.71,17056870,4
2470,7,1.71,14993580,6
2534,7,1.71,18206185,6
2542,7,1.71,15811849,6
2941,7,1.71,25131213,6
2419,7,1.71,9745397,5
2405,7,1.71,19951200,6
2397,7,1.71,21276249,6
154,7,1.71,16401145,6
2390,7,1.71,15112264,5
2915,7,1.71,22129930,6
2375,7,1.71,21632231,6
2365,7,1.71,20379150,6
2351,7,1.71,18247097,6
3128,7,1.71,18378753,6
2138,7,1.71,21183759,6
1604,7,1.71,18375645,6
2130,7,1.71,21918231,6
3561,7,1.71,21111738,6
2612,7,1.71,22561963,6
1814,7,1.71,21536453,6
2729,7,1.71,23508341,6
2640,7,1.71,10430626,6
1797,7,1.71,18387626,6
1793,7,1.71,23523050,6
3619,7,1.71,21086759,6
1737,7,1.71,22009193,6
3636,7,1.71,2776391,5
1709,7,1.71,18985316,4
3637,7,1.71,21791475,6
3654,7,1.71,22209664,6
3670,7,1.71,16135763,4
3677,7,1.71,22441255,6
1660,7,1.71,25482952,6
1659,7,1.71,10680807,6
309,7,1.71,23982369,6
2714,7,1.71,22156110,4
3703,7,1.71,15732095,6
3720,7,1.71,22786587,6
2758,7,1.71,17602020,4
3517,7,1.71,21060039,6
2602,7,1.71,31359242,3
3358,7,1.71,12378382,6
2125,7,1.71,22170940,6
3178,7,1.71,23536634,6
2083,7,1.71,23940572,6
3214,7,1.71,20803058,6
2074,7,1.71,17364514,6
2052,7,1.71,12672520,6
3245,7,1.71,18551103,6
3303,7,1.71,17000203,6
3344,7,1.71,3265576,6
1984,7,1.71,17103301,5
3498,7,1.71,15135172,6
1978,7,1.71,23958243,6
1967,7,1.71,23545766,6
2669,7,1.71,12958171,6
3451,7,1.71,24371811,6
1947,7,1.71,17340945,6
1939,7,1.71,10480516,6
1938,7,1.71,17928892,6
3489,7,1.71,18977170,6
3495,7,1.71,23591207,6
2627,7,1.71,20700044,5
2107,7,1.71,20104623,6
730,7,1.71,18502830,6
884,7,1.71,21306949,4
614,7,1.71,21220422,6
690,7,1.71,19461530,6
518,7,1.71,21315347,6
920,7,1.71,21279451,4
713,7,1.71,10797126,6
640,7,1.71,17099314,3
628,7,1.71,17658591,6
517,7,1.71,23679132,4
852,7,1.71,20400446,6
731,7,1.71,21070694,6
887,7,1.71,15223793,3
608,7,1.71,10231856,6
509,7,1.71,25045623,6
979,7,1.71,11485111,6
530,7,1.71,19966056,6
627,7,1.71,20538601,6
427,7,1.71,11388609,6
831,7,1.71,25347468,6
440,7,2.0,21775942,4
1000,7,1.71,10841875,6
2884,6,1.67,11781834,5
1839,6,1.67,22658718,5
2176,6,1.67,21900393,5
1093,6,1.67,18572151,5
859,6,1.67,19771166,5
155,6,1.67,20370776,5
770,6,1.67,18025803,5
3738,6,1.67,21079646,5
186,6,1.67,16769930,5
1831,6,1.67,14743919,5
1820,6,1.67,19692675,5
3231,6,1.67,18471518,5
3953,6,1.67,9516381,5
2906,6,1.67,15090633,5
3945,6,1.67,15538038,5
426,6,1.67,23855650,5
1708,6,1.67,12829617,5
3570,6,1.67,21517174,5
3567,6,1.67,23940641,5
1817,6,1.67,15301193,5
1827,6,1.67,23522785,5
152,6,1.67,25449594,5
3215,6,1.67,18418986,5
423,6,1.67,24913103,5
363,6,1.67,25443665,5
3224,6,1.67,11569693,5
2277,6,1.67,11979018,3
934,6,1.67,21936968,5
330,6,1.67,18829491,4
2863,6,1.67,16131539,3
2570,6,1.67,21437977,5
2557,6,1.67,12724406,5
2148,6,1.67,18253710,5
158,6,1.67,17943163,5
1344,6,1.67,25456561,5
1548,6,1.67,21068544,5
2816,6,1.67,17234830,5
3509,6,1.67,17402864,5
846,6,1.67,18684714,5
1867,6,1.67,24060875,5
2574,6,1.67,20018794,5
1686,6,1.67,22232310,5
102,6,1.67,15796384,5
1331,6,1.67,19028768,4
3812,6,1.67,21562194,5
1106,6,1.67,22345446,5
3811,6,1.67,16464467,5
220,6,1.67,25222889,5
2831,6,1.67,21238860,5
2280,6,1.67,16511752,5
523,6,1.67,21164099,5
2531,6,1.67,12172239,4
1701,6,1.67,22942256,5
3579,6,1.67,11175679,5
3537,6,1.67,18321653,5
2168,6,1.67,25294214,5
2164,6,1.67,18281599,5
78,6,1.67,21864488,5
266,6,1.67,16009909,4
1694,6,1.67,22351034,5
417,6,1.67,18926330,5
2849,6,1.67,17400849,5
3527,6,1.67,15577273,5
2545,6,1.67,16314775,5
3524,6,1.67,20367831,3
854,6,1.67,23108258,5
2552,6,1.67,15243275,5
3202,6,1.67,16783129,5
3065,6,1.67,23225307,5
214,6,1.67,15181190,5
877,6,1.67,19643766,5
3627,6,1.67,25216048,5
2248,6,1.67,21878677,5
1753,6,1.67,23024576,5
291,6,1.67,15591475,5
3884,6,1.67,17092853,5
2446,6,1.67,22966150,5
1467,6,1.67,21059717,5
2416,6,1.67,16873783,5
3150,6,1.67,23455394,5
2415,6,1.67,23801638,5
1759,6,1.67,21890079,5
2245,6,1.67,22395197,5
1762,6,1.67,22297675,5
3136,6,1.67,12794402,5
2956,6,1.67,11502737,4
1065,6,1.67,11157332,5
2975,6,1.67,24148063,5
3634,6,1.67,23371283,5
3002,6,1.67,17683090,5
2256,6,1.67,19394995,5
3859,6,1.67,21666482,5
3137,6,1.67,23609919,5
646,6,1.67,21559825,5
2258,6,1.67,22592753,5
3857,6,1.67,25153823,5
1491,6,1.67,10234808,5
1023,6,1.67,16817774,4
3642,6,1.67,21349226,5
3146,6,1.67,22552952,4
2988,6,1.67,9669945,5
1072,6,1.67,21455292,5
1726,6,1.67,23165293,5
648,6,1.67,22588761,4
2986,6,1.67,24352880,5
3870,6,1.67,25383047,5
2433,6,1.67,18486545,5
3151,6,1.67,19417124,5
3853,6,1.67,23949836,5
3581,6,1.67,10402024,5
1792,6,1.67,18381540,5
3663,6,1.67,16879417,5
2919,6,1.67,17692368,5
2917,6,1.67,22572084,3
2404,6,1.67,19386448,5
3927,6,1.67,9469601,5
2213,6,1.67,23757078,5
2275,6,1.67,15584794,5
1016,6,1.67,22515800,5
2406,6,1.67,23482332,5
3589,6,1.67,23769633,5
2402,6,1.67,18392146,5
458,6,1.67,12538741,3
2401,6,1.67,17589539,5
1325,6,1.67,12226588,4
867,6,1.67,19162455,4
2493,6,1.67,11116149,5
1785,6,1.67,22545084,5
3922,6,1.67,19812588,5
1453,6,1.67,24970348,5
762,6,2.0,21373938,4
2950,6,1.67,17990096,5
2946,6,1.67,18664617,5
3660,6,1.67,23457149,5
1717,6,1.67,22273585,3
346,6,1.67,19908224,5
3161,6,1.67,20172548,5
761,6,1.67,11588032,3
3135,6,1.67,23858036,5
2923,6,1.67,17079673,5
726,6,1.67,20100028,5
200,6,1.67,18088408,5
2407,6,1.67,16605566,5
211,6,1.67,22891033,5
1084,6,1.67,22305042,5
3175,6,1.67,24021760,5
3600,6,1.67,20842589,5
516,6,1.67,22592291,5
480,6,1.67,22637155,5
3777,6,1.67,17460096,5
1144,6,1.67,22762467,5
1979,6,1.67,12144178,5
2659,6,1.67,25938133,5
3719,6,1.67,12364686,5
4137,6,1.67,21295198,5
3725,6,1.67,20421102,5
895,6,1.67,16868237,5
4144,6,1.67,15507296,5
1211,6,1.67,22860900,5
3406,6,1.67,12411456,5
1635,6,1.67,21441421,5
2748,6,1.67,21126186,5
820,6,1.67,12807995,5
2746,6,1.67,19328346,5
2055,6,1.67,23784911,5
1990,6,1.67,17273165,4
3759,6,1.67,22728646,5
4134,6,1.67,10529423,5
3767,6,1.67,17320940,5
1597,6,1.67,17298258,5
1645,6,1.67,17319930,5
1251,6,1.67,10526529,5
835,6,1.67,26902245,3
1948,6,1.67,20188318,5
1040,6,1.67,23000329,5
1041,6,1.67,23012362,5
1245,6,1.67,19139116,5
1244,6,1.67,18572106,5
3711,6,1.67,20614858,5
1655,6,1.67,19573586,5
3436,6,1.67,12748351,5
4112,6,1.67,17267789,5
681,6,1.67,19752464,5
127,6,1.67,25071001,5
1231,6,1.67,15271790,5
4128,6,1.67,19660971,5
2742,6,1.67,16449426,5
1997,6,1.67,23428380,5
4105,6,1.67,20573139,5
4190,6,1.67,17032650,5
1173,6,1.67,24029122,5
3747,6,1.67,18790706,5
3367,6,1.67,17803596,5
4185,6,1.67,12878856,5
2719,6,1.67,17445302,5
812,6,1.67,24270162,5
2019,6,1.67,18925977,3
809,6,1.67,23295569,3
3402,6,1.67,23135933,5
1164,6,1.67,17316146,5
3376,6,1.67,12161515,5
2024,6,1.67,25017608,5
4201,6,1.67,15193552,5
4203,6,1.67,17006962,5
805,6,1.67,15102797,5
807,6,1.67,10526739,5
2042,6,1.67,17122410,5
1175,6,1.67,21309065,5
3392,6,1.67,24058201,5
3394,6,1.67,16670092,5
123,6,1.67,16497159,5
1195,6,1.67,21382200,5
2675,6,1.67,22153943,5
2733,6,1.67,11071647,5
3754,6,1.67,18096704,5
2679,6,1.67,21753256,5
3352,6,1.67,11518799,5
4166,6,1.67,20720079,5
1187,6,1.67,19797797,5
2681,6,1.67,12441746,5
477,6,1.67,21129757,5
1184,6,1.67,17351061,5
474,6,1.67,22694906,3
4173,6,1.67,19026155,5
1614,6,1.67,19091982,5
679,6,1.67,22234678,5
2423,6,1.67,20921022,5
230,6,1.67,19422457,4
2131,6,1.67,23170828,5
3092,6,1.67,22418079,5
551,6,1.67,26074755,3
2787,6,1.67,21245323,5
496,6,1.67,19357507,3
1312,6,1.67,20539169,5
1285,6,1.67,16437560,5
3310,6,1.67,20149571,5
2129,6,1.67,17241881,5
3094,6,1.67,19186170,5
2596,6,1.67,20504322,5
1943,6,1.67,21958655,4
3032,6,2.0,19301416,4
3307,6,1.67,23126276,5
2594,6,1.67,22686559,5
4069,6,1.67,23979090,5
2307,6,1.67,12543738,5
1309,6,1.67,22285784,5
2120,6,1.67,20733416,5
993,6,1.67,25158865,5
3480,6,1.67,18845575,5
675,6,1.67,25045598,5
1307,6,1.67,24908386,5
1905,6,1.67,19915448,5
556,6,1.67,15892143,5
3484,6,1.67,20621250,5
4060,6,1.67,23895624,5
1902,6,1.67,21146180,5
1899,6,1.67,18596108,5
2122,6,1.67,11844822,5
1670,6,1.67,23062346,5
3033,6,1.67,11784218,5
1113,6,1.67,21874385,5
3100,6,1.67,19782782,5
2619,6,1.67,23772872,5
2617,6,1.67,1656069,5
1263,6,1.67,22241335,5
1262,6,1.67,22491544,5
479,6,1.67,22322416,5
4036,6,1.67,21801698,5
1935,6,1.67,18820283,5
3331,6,1.67,12039499,5
2092,6,1.67,23452681,5
1129,6,1.67,22153804,5
2804,6,1.67,8466894,4
3042,6,1.67,18192224,5
1577,6,1.67,10830418,5
3787,6,1.67,17543768,5
1931,6,1.67,15989910,5
3789,6,1.67,20570863,5
3322,6,1.67,21335461,5
60,6,1.67,21653634,3
3794,6,1.67,24034230,5
1679,6,1.67,22665611,5
2784,6,1.67,19025277,5
1661,6,1.67,20070693,5
996,6,1.67,21896678,5
1624,5,1.6,6316136,4
3139,5,1.6,21361672,4
907,5,1.6,15166029,4
1728,5,1.6,20572151,2
1034,5,1.6,21537764,4
3656,5,1.6,23522861,4
1626,5,1.6,17297462,4
3110,5,1.6,23326649,4
1625,5,1.6,11600464,4
3109,5,1.6,17471242,4
1036,5,1.6,24355289,4
3070,5,1.6,21615196,4
1721,5,1.6,17525363,4
3723,5,1.6,21490622,4
3707,5,1.6,25300972,4
1665,5,1.6,16507722,4
1685,5,1.6,19726650,4
2278,5,1.6,19250510,4
1044,5,1.6,9719627,4
1651,5,1.6,24030525,4
3713,5,1.6,11794410,4
452,5,1.6,12791654,4
3716,5,1.6,16444920,4
3718,5,1.6,18241358,4
1703,5,1.6,21385433,4
733,5,1.6,16203873,3
2292,5,1.6,21988034,2
2328,5,1.6,23568507,4
624,5,1.6,23275600,4
2282,5,1.6,23358244,4
2312,5,1.6,21948545,4
2283,5,1.6,14701839,4
737,5,1.6,17234781,4
2286,5,1.6,16105635,4
2287,5,1.6,20621423,4
1033,5,1.6,22100719,4
1720,5,1.6,16536133,3
3731,5,1.6,7545301,4
3689,5,1.6,16581934,4
534,5,1.6,25139125,4
3653,5,1.6,22188900,4
2094,5,1.6,19811512,4
2076,5,1.6,14769630,4
1954,5,1.6,12473603,4
436,5,1.6,24194512,4
500,5,1.6,22793783,4
3333,5,1.6,12223401,4
957,5,1.6,21123744,4
1942,5,1.6,22736874,4
1941,5,1.6,19485675,4
3453,5,1.6,17764676,4
3454,5,1.6,15842237,4
1937,5,1.6,22223609,4
247,5,1.6,20078794,4
3324,5,1.6,23835808,4
1961,5,1.6,23409128,4
252,5,1.6,12421985,4
2098,5,1.6,22319043,4
954,5,1.6,15307567,4
3320,5,1.6,11514377,4
497,5,1.6,18258342,4
229,5,1.6,21814168,4
2113,5,1.6,23428873,4
3474,5,1.6,11877272,4
2116,5,1.6,23635489,4
1909,5,1.6,18071195,4
3301,5,1.6,18154895,4
697,5,1.6,21732480,4
3337,5,1.6,16226241,4
1962,5,1.6,16377632,2
2259,5,1.6,20385469,2
1988,5,1.6,14767267,2
3380,5,1.6,20056763,4
3382,5,1.6,23621943,4
3385,5,1.6,24907443,4
3396,5,1.6,19103506,4
3397,5,1.6,22771575,4
499,5,1.6,24266346,4
3354,5,1.6,21982415,4
2051,5,1.6,21412262,4
2000,5,1.6,21314226,4
1995,5,1.6,22480142,4
1993,5,1.6,17364725,4
2053,5,1.6,21114567,4
3348,5,1.6,17006909,4
3431,5,1.6,15383418,4
980,5,1.6,17043224,4
3347,5,1.6,23972652,4
981,5,1.6,20110092,3
2059,5,1.6,22277375,4
3419,5,1.6,14616189,4
982,5,1.6,20616296,4
2062,5,1.6,8661478,4
3425,5,1.6,23294001,4
241,5,1.6,23078477,4
3430,5,1.6,1953096,4
1969,5,1.6,23247064,4
963,5,1.6,16616655,4
3295,5,1.6,19712580,4
3287,5,1.6,22197517,4
2137,5,1.6,21987465,2
919,5,1.6,23866722,4
1012,5,1.6,22682916,4
2205,5,1.6,18490557,4
711,5,1.6,22540188,4
1795,5,1.6,17054431,4
1791,5,1.6,15380971,4
3187,5,1.6,15590495,4
3595,5,1.6,17462643,4
73,5,1.6,17696687,4
288,5,1.6,24058389,4
1776,5,1.6,16321149,4
289,5,1.6,11080710,4
3164,5,1.6,1999883,4
917,5,1.6,12105315,4
3499,5,1.6,22041458,4
3152,5,1.6,22622863,4
2241,5,1.6,24147109,4
1764,5,1.6,24858377,4
1763,5,1.6,19357211,4
1758,5,1.6,22992355,4
2246,5,1.6,20635156,4
1756,5,1.6,7557579,4
1754,5,1.6,11700423,4
3628,5,1.6,17452216,4
2253,5,1.6,8077364,4
3140,5,1.6,20711804,4
3649,5,1.6,23232036,4
928,5,1.6,18164043,4
2196,5,1.6,19776005,4
3563,5,1.6,18606180,4
3229,5,1.6,18718804,4
1887,5,1.6,23362210,4
3501,5,1.6,21876546,4
1884,5,1.6,9688659,4
3271,5,1.6,21830637,4
1881,5,1.6,22665498,4
503,5,1.6,12948614,4
3266,5,1.6,18187609,4
3511,5,1.6,16917116,4
1874,5,1.6,11792815,4
1873,5,1.6,20231320,4
941,5,1.6,15326367,4
2154,5,1.6,22028443,4
2156,5,1.6,11849710,4
1862,5,1.6,18436704,4
261,5,1.6,18444174,4
3528,5,1.6,21457947,4
3257,5,1.6,19165158,4
3255,5,1.6,15258132,4
3536,5,1.6,25068199,4
1005,5,1.6,20485503,4
936,5,1.6,10835625,4
3541,5,1.6,14551265,4
3237,5,1.6,21134975,4
664,5,1.6,21617115,4
3552,5,1.6,15818656,4
1837,5,1.6,18034278,4
612,5,1.6,17012522,3
90,5,1.6,24278155,4
3862,5,1.6,22140267,4
873,5,1.6,24161386,4
3912,5,1.6,23171853,4
1082,5,1.6,9626280,4
3914,5,1.6,24009673,4
2626,5,1.6,15167284,4
2474,5,1.6,22009628,4
2930,5,1.6,22531825,4
2925,5,1.6,18272845,4
2922,5,1.6,18626371,4
22,5,1.6,11304515,4
2625,5,1.6,21497762,4
4104,5,1.6,11227068,4
1086,5,1.6,16772160,3
3928,5,1.6,19166913,4
2624,5,1.6,18843517,4
355,5,1.6,23824893,4
3930,5,1.6,12704020,4
1421,5,1.6,22627870,4
1420,5,1.6,23839218,4
1419,5,1.6,22238028,4
1133,5,1.6,17287149,4
1130,5,1.6,19798036,3
3939,5,1.6,23034908,4
2911,5,1.6,15607492,4
2910,5,1.6,22544418,4
2467,5,1.6,22099023,4
576,5,1.6,17377143,4
1449,5,1.6,18388842,4
794,5,1.6,10679503,4
336,5,1.6,23070548,4
3865,5,1.6,17570309,4
1071,5,1.6,22813601,4
797,5,1.6,21184586,4
2427,5,1.6,17079557,4
2759,5,1.6,20156894,4
29,5,1.6,21763944,4
586,5,1.6,25218385,4
2645,5,1.6,16183686,4
2642,5,1.6,19223397,4
1474,5,1.6,11445613,2
528,5,1.6,19633513,4
1080,5,1.6,19056768,4
2636,5,1.6,11113841,4
2448,5,1.6,16932804,4
2635,5,1.6,14657546,4
2453,5,1.6,18423810,4
2454,5,1.6,22980403,3
2769,5,1.6,22433349,4
3895,5,1.6,16443887,4
1457,5,1.6,19233588,4
2954,5,1.6,12865339,4
2630,5,1.6,11896120,4
578,5,1.6,17555802,4
2905,5,1.6,21112582,4
837,5,1.6,21835040,4
2781,5,1.6,22121328,4
1114,5,1.6,16353937,4
3989,5,1.6,21925567,4
1363,5,1.6,16091448,4
4056,5,1.6,12544160,4
1304,5,1.6,22029536,4
778,5,1.6,23401357,3
791,5,1.6,23487198,4
2839,5,1.6,17537583,4
779,5,1.6,24476510,3
4000,5,1.6,15213301,4
2830,5,1.6,19476937,4
413,5,1.6,23750096,2
2823,5,1.6,24867283,4
1368,5,1.6,24174586,4
2565,5,1.6,15834112,4
4048,5,1.6,18310521,4
2568,5,1.6,2210672,4
2813,5,1.6,17119037,4
1334,5,1.6,18359404,4
2575,5,1.6,23360768,4
4026,5,1.6,10523605,4
2577,5,1.6,16424040,4
4042,5,1.6,23435703,4
2803,5,1.6,22581141,4
2582,5,1.6,18701607,4
2852,5,1.6,19877008,4
4062,5,1.6,20691763,4
1404,5,1.6,24066076,4
3964,5,1.6,20935008,4
1275,5,1.6,19863707,4
3954,5,1.6,20461476,4
3955,5,1.6,10075619,4
4084,5,1.6,19197217,4
1128,5,1.6,22031818,4
2341,5,1.6,22718890,2
1395,5,1.6,23979094,4
1127,5,1.6,24340296,4
838,5,1.6,18783456,4
2892,5,1.6,16830883,4
2600,5,1.6,17255879,4
2789,5,1.6,24335582,4
554,5,1.6,18436621,4
2883,5,1.6,17021024,4
2520,5,1.6,12066912,4
2526,5,1.6,15579792,2
3981,5,1.6,23923811,4
1374,5,1.6,18550210,3
4068,5,1.6,16174313,4
1373,5,1.6,20053375,4
4067,5,1.6,19446845,4
2533,5,1.6,17471295,4
792,5,1.6,23140884,4
2536,5,1.6,9346764,4
469,5,1.6,23844149,4
2765,5,1.6,19609877,4
4127,5,1.6,24244927,4
1555,5,1.6,10229862,4
324,5,1.6,18450846,4
2740,5,1.6,18207289,4
1058,5,1.6,23174285,4
613,5,1.6,16033941,4
456,5,1.6,17579101,4
2359,5,1.6,18235222,4
4154,5,1.6,20704348,4
2384,5,1.6,19179214,4
4152,5,1.6,16178949,4
1552,5,1.6,18836884,4
2391,5,1.6,20081433,4
2355,5,1.6,25439161,4
818,5,1.6,20413733,4
3814,5,1.6,17982029,4
3815,5,1.6,9268808,4
1547,5,1.6,20104071,4
2743,5,1.6,22164204,4
2387,5,1.6,24477449,4
3817,5,1.6,15608584,4
4183,5,1.6,22102180,4
3804,5,1.6,20217468,4
588,5,1.6,15665723,4
605,5,1.6,19235787,4
803,5,1.6,20829093,4
3780,5,1.6,15602574,4
1583,5,1.6,22425697,4
3781,5,1.6,19134502,4
1183,5,1.6,20657180,4
1189,5,1.6,11737607,4
2727,5,1.6,24204231,4
3776,5,1.6,17056343,4
1196,5,1.6,15673544,4
3048,5,1.6,21594870,4
1197,5,1.6,20799388,4
1569,5,1.6,23766904,4
1053,5,1.6,19182692,3
2722,5,1.6,17935569,4
1566,5,1.6,23436835,4
536,5,1.6,15314539,2
1589,5,1.6,8256883,4
3379,5,1.6,8543802,4
2378,5,1.6,21056669,4
4157,5,1.6,20587750,4
2388,5,1.6,15519951,4
323,5,1.6,16536134,4
4145,5,1.6,11402108,4
1502,5,1.6,10759996,4
1522,5,1.6,21416234,4
4199,5,1.6,23135969,4
2996,5,1.6,10731495,4
896,5,1.6,18687753,4
3763,5,1.6,15629824,4
137,5,1.6,22080861,4
3757,5,1.6,9598685,4
2697,5,1.6,23867982,4
3004,5,1.6,11555512,4
1511,5,1.6,16687647,4
3061,5,1.6,11718907,4
2346,5,1.6,18611064,4
3746,5,1.6,21049382,4
2417,5,1.6,19555657,4
2344,5,1.6,24247857,4
2421,5,1.6,16322642,4
170,5,1.6,12065377,3
4140,5,1.6,12670569,4
1534,5,1.6,23545897,4
3822,5,1.6,23299899,4
894,5,1.6,16685025,4
2650,5,1.6,18565850,2
515,5,1.6,22336104,4
3858,5,1.6,11866285,4
3059,5,1.6,15217898,4
2394,5,1.6,12847693,4
2699,5,1.6,19359669,4
1532,5,1.6,21814215,4
2749,5,1.6,19473656,4
3015,5,1.6,23205765,3
1219,5,1.6,20617531,4
1220,5,1.6,16893713,4
968,4,1.5,8873706,3
2046,4,1.5,18242048,3
2710,4,1.5,15915441,3
3305,4,1.5,19440191,3
2595,4,1.5,11861283,3
3306,4,1.5,19524567,3
811,4,1.5,30192768,2
3374,4,1.5,21160496,3
2586,4,1.5,16979085,2
2720,4,1.5,22246202,3
2689,4,1.5,23458637,3
2801,4,1.5,14602757,3
466,4,1.5,11550285,3
3304,4,1.5,22633307,3
2036,4,1.5,21263343,3
2038,4,1.5,22134191,3
2795,4,1.5,20641083,3
2799,4,1.5,23277050,3
3364,4,1.5,8632937,3
2796,4,1.5,16554742,3
2790,4,1.5,19902347,3
234,4,1.5,15956274,3
2614,4,1.5,16099885,3
2115,4,1.5,25349138,3
173,4,1.5,23212902,3
2773,4,1.5,23823533,3
2632,4,1.5,17116117,3
2633,4,1.5,19174679,3
3343,4,1.5,18837646,3
2061,4,1.5,22948439,3
174,4,1.5,29088301,2
2078,4,1.5,18692617,3
2657,4,1.5,18392110,3
3336,4,1.5,15354371,3
2653,4,1.5,21852151,3
2063,4,1.5,18241814,3
3338,4,1.5,11968057,3
2073,4,1.5,20584521,3
2762,4,1.5,8772551,3
2072,4,1.5,19850887,3
2064,4,1.5,21415456,3
3342,4,1.5,24472093,3
2651,4,1.5,17555869,3
2066,4,1.5,22466690,3
2071,4,1.5,16291003,3
2067,4,1.5,20635310,3
821,4,1.5,12873719,3
2084,4,1.5,19850828,3
93,4,1.5,16476615,3
2085,4,1.5,15015593,3
839,4,1.5,15735202,3
2112,4,1.5,22361418,3
2680,4,1.5,14695237,3
2730,4,1.5,21149742,3
2106,4,1.5,18701990,3
2605,4,1.5,16755473,3
2099,4,1.5,20083755,3
3351,4,1.5,18821458,3
2783,4,1.5,11801893,3
2736,4,1.5,17502922,3
2097,4,1.5,17420432,3
2611,4,1.5,19643532,3
2778,4,1.5,16868509,3
2091,4,1.5,10574529,3
2616,4,1.5,18608262,3
2620,4,1.5,23008117,3
2776,4,1.5,23074196,3
2774,4,1.5,18774430,3
2623,4,1.5,19634719,3
94,4,1.5,16828929,3
2668,4,1.5,22772980,3
944,4,1.5,20123819,3
2340,4,1.5,12061484,3
789,4,1.5,15560970,3
2400,4,1.5,14978663,3
3005,4,1.5,17164159,3
750,4,1.5,22544058,3
3132,4,1.5,21294595,3
3127,4,1.5,19679164,3
2274,4,1.5,18789826,3
3014,4,1.5,23737347,3
2396,4,1.5,23535150,3
2265,4,1.5,21734082,3
3020,4,1.5,16414397,3
3023,4,1.5,19586181,3
2392,4,1.5,22946736,3
3115,4,1.5,18683888,3
2289,4,1.5,16467905,3
3113,4,1.5,16735522,3
3001,4,1.5,15307877,3
2264,4,1.5,17403201,3
3273,4,1.5,21526188,3
2987,4,1.5,15110896,3
2973,4,1.5,12882074,3
2438,4,1.5,23419804,3
2435,4,1.5,20014055,3
916,4,1.5,3552297,3
2251,4,1.5,15855220,3
2982,4,1.5,15842614,3
3144,4,1.5,19276367,3
2263,4,1.5,22847713,3
723,4,1.5,19591580,3
2426,4,1.5,17761230,3
2425,4,1.5,21437888,3
2994,4,1.5,21444075,3
195,4,1.5,11813160,3
2262,4,1.5,19485562,3
3112,4,1.5,15306553,3
3025,4,1.5,12591139,3
3106,4,1.5,16437223,3
2349,4,1.5,12883414,3
3051,4,1.5,22544232,3
2354,4,1.5,12527241,3
736,4,1.5,19220284,3
454,4,1.5,12759775,3
3060,4,1.5,17825626,3
2329,4,1.5,16984292,3
119,4,1.5,17900480,3
743,4,1.5,23439301,3
3069,4,1.5,21493913,3
3067,4,1.5,19657753,3
3066,4,1.5,24103330,3
2336,4,1.5,12639986,3
898,4,1.5,22954164,3
2338,4,1.5,20890267,3
902,4,1.5,24054336,3
3049,4,1.5,17881429,3
2321,4,1.5,15706439,3
2320,4,1.5,24361626,3
3080,4,1.5,17169578,3
3045,4,1.5,20433619,3
2317,4,1.5,23758751,3
2367,4,1.5,18086889,3
2368,4,1.5,15809411,3
734,4,1.5,15740433,3
201,4,1.5,22751124,3
741,4,1.5,23192691,3
3090,4,1.5,24100880,3
2377,4,1.5,20104497,3
3093,4,1.5,17534959,3
2308,4,1.5,17314495,3
2380,4,1.5,16301033,3
2247,4,1.5,19914527,3
2971,4,1.5,16963293,3
2970,4,1.5,22910908,3
771,4,1.5,19806302,3
3249,4,1.5,22985540,3
2856,4,1.5,20732645,3
2170,4,1.5,22012208,3
3240,4,1.5,25151195,3
2173,4,1.5,21302290,3
2865,4,1.5,17905742,3
2516,4,1.5,15231396,3
2187,4,1.5,24200597,2
3236,4,1.5,22666546,3
216,4,1.5,22948931,3
768,4,1.5,23607938,3
444,4,1.5,15770526,3
3232,4,1.5,22851488,3
2509,4,1.5,22281669,2
2854,4,1.5,21630446,3
3253,4,1.5,19005885,3
2540,4,1.5,23163258,3
776,4,1.5,23970128,3
2159,4,1.5,17235291,3
940,4,1.5,20045577,3
2840,4,1.5,23062398,3
3260,4,1.5,10751319,3
3261,4,1.5,22545215,3
2555,4,1.5,19276270,3
462,4,1.5,22271440,3
3262,4,1.5,22392968,3
2818,4,1.5,16886161,3
848,4,1.5,18088556,3
2578,4,1.5,17673094,3
2143,4,1.5,11772033,3
2580,4,1.5,21863248,3
2895,4,1.5,22402052,3
2190,4,1.5,18492924,3
483,4,1.5,18713619,3
924,4,1.5,22693628,3
2916,4,1.5,18279904,3
3188,4,1.5,23946883,3
151,4,1.5,22787062,3
3184,4,1.5,20361913,3
3180,4,1.5,9399223,3
2928,4,1.5,21665963,3
721,4,1.5,20176612,3
3216,4,1.5,16625118,3
2952,4,1.5,15242830,3
2242,4,1.5,19060279,3
2959,4,1.5,15985579,3
2244,4,1.5,18055842,3
2452,4,1.5,16799079,3
2451,4,1.5,15893170,3
2211,4,1.5,20466004,3
926,4,1.5,12657075,3
2489,4,1.5,21300177,3
2913,4,1.5,19422336,3
3195,4,1.5,23044417,3
3196,4,1.5,22390315,3
2497,4,1.5,21378404,3
710,4,1.5,24439844,3
2199,4,1.5,20592617,3
2904,4,1.5,25328905,3
3206,4,1.5,11287566,3
2501,4,1.5,23659987,3
2901,4,1.5,23838776,3
2194,4,1.5,21890757,3
709,4,1.5,4078728,3
2505,4,1.5,19921112,3
2506,4,1.5,23912164,3
3217,4,1.5,19461261,3
249,4,1.5,16980910,3
2026,4,1.5,16628687,3
3668,4,1.5,23620158,3
301,4,1.5,22241092,3
1354,4,1.5,21755412,3
636,4,1.5,17046615,3
4001,4,1.5,24729827,3
3676,4,1.5,20085394,3
300,4,1.5,19896264,3
4004,4,1.5,16728691,3
9,4,1.5,15302714,3
299,4,1.5,18704812,3
1723,4,1.5,15053896,3
1028,4,1.5,32965600,2
4008,4,1.5,22258805,3
1099,4,1.5,24162748,3
525,4,1.5,15451029,3
1714,4,1.5,22961575,3
1715,4,1.5,20028928,3
1716,4,1.5,17258816,3
3659,4,1.5,12865036,3
1692,4,1.5,17364907,3
3683,4,1.5,15564059,3
373,4,1.5,25499213,3
1358,4,1.5,22293005,3
1657,4,1.5,14625470,3
370,4,1.5,17549073,3
1663,4,1.5,22498672,3
1038,4,1.5,22925133,3
1037,4,1.5,22777902,3
1669,4,1.5,19092239,3
629,4,1.5,14732351,3
1674,4,1.5,23334556,3
1369,4,1.5,25273997,3
1675,4,1.5,16770801,3
1366,4,1.5,9466315,3
3992,4,1.5,19892209,3
3994,4,1.5,23378078,3
303,4,1.5,10658012,3
1360,4,1.5,24261945,3
3690,4,1.5,21814881,3
302,4,1.5,17940905,3
1722,4,1.5,19252044,3
1102,4,1.5,19734538,3
3712,4,1.5,16600502,3
1788,4,1.5,19162168,3
4037,4,1.5,9790635,3
1316,4,1.5,22417969,3
557,4,1.5,22865151,3
3606,4,1.5,9313754,3
1310,4,1.5,18833211,3
3603,4,1.5,11285353,3
1781,4,1.5,18175800,3
1300,4,1.5,24082314,3
4076,4,1.5,18057927,3
1725,4,1.5,18443262,3
1790,4,1.5,15373667,3
552,4,1.5,23107233,3
1288,4,1.5,18667813,3
3586,4,1.5,22473754,3
1800,4,1.5,19922019,3
658,4,1.5,20370773,3
1286,4,1.5,20089492,3
3576,4,1.5,8661500,3
3611,4,1.5,15802370,3
1324,4,1.5,23684424,3
3613,4,1.5,16404554,3
1770,4,1.5,19372692,3
3655,4,1.5,10459021,3
527,4,1.5,11689424,3
3648,4,1.5,20231189,3
1738,4,1.5,23652814,3
1739,4,1.5,22218623,3
1740,4,1.5,23001048,3
3632,4,1.5,19556350,3
1747,4,1.5,24063855,3
3631,4,1.5,21315418,3
1751,4,1.5,24892346,3
1752,4,1.5,25148427,3
3624,4,1.5,25460586,3
4024,4,1.5,19477237,3
1020,4,1.5,21700899,3
1330,4,1.5,22080499,3
4028,4,1.5,20570820,3
4029,4,1.5,21976595,3
1653,4,1.5,8857848,3
1647,4,1.5,14707466,3
3575,4,1.5,22434099,3
3844,4,1.5,23190025,3
1507,4,1.5,7102701,3
416,4,1.5,19032227,3
1509,4,1.5,17438140,3
1066,4,1.5,24751017,3
1085,4,1.5,22390611,3
591,4,1.5,8148354,3
3917,4,1.5,17290724,3
3921,4,1.5,10966284,3
3843,4,1.5,1892174,3
3936,4,1.5,19681108,3
3839,4,1.5,17146615,3
3836,4,1.5,23449535,3
3835,4,1.5,17077198,3
1428,4,1.5,17879427,3
574,4,1.5,10189510,3
1535,4,1.5,10924255,3
1416,4,1.5,11828289,3
1415,4,1.5,18428320,3
589,4,1.5,2926871,3
1068,4,1.5,19398417,3
1069,4,1.5,12975299,3
1499,4,1.5,24919399,3
1078,4,1.5,23601322,3
1466,4,1.5,11762951,3
3900,4,1.5,16962693,3
1073,4,1.5,24413319,3
577,4,1.5,22801247,3
1473,4,1.5,14764731,3
3881,4,1.5,18493708,3
3908,4,1.5,11880181,3
24,4,1.5,18714781,3
3911,4,1.5,20161039,3
3871,4,1.5,17110450,3
1485,4,1.5,18201099,3
3915,4,1.5,12865610,3
340,4,1.5,21615331,3
3864,4,1.5,22231309,3
1494,4,1.5,22067368,3
3861,4,1.5,18066659,3
601,4,1.5,19403861,3
1061,4,1.5,16828224,3
625,4,1.5,20423225,3
3978,4,1.5,22205392,3
1601,4,1.5,18426461,2
1602,4,1.5,16361356,3
3760,4,1.5,16899728,3
3751,4,1.5,25295410,3
1617,4,1.5,3352902,3
3976,4,1.5,19137151,3
1619,4,1.5,22460760,3
3737,4,1.5,25221635,3
566,4,1.5,11566950,3
3942,4,1.5,15271048,3
315,4,1.5,25123755,3
1631,4,1.5,14722858,3
622,4,1.5,19776303,3
1633,4,1.5,21953139,3
3728,4,1.5,21668382,3
1377,4,1.5,18541671,3
3721,4,1.5,19062326,3
3984,4,1.5,20850521,3
322,4,1.5,14975942,2
521,4,1.5,12198057,3
3768,4,1.5,15880315,3
3963,4,1.5,21116048,3
3813,4,1.5,17868121,3
1088,4,1.5,19437202,3
3808,4,1.5,17255860,3
3943,4,1.5,22405506,3
3944,4,1.5,20668251,3
1057,4,1.5,20195187,3
1406,4,1.5,21469089,3
3950,4,1.5,20876684,3
1570,4,1.5,15849466,3
1090,4,1.5,18350320,3
3956,4,1.5,19487354,3
3786,4,1.5,16621241,3
1578,4,1.5,23815264,3
364,4,1.5,22859899,3
3959,4,1.5,7784018,3
3775,4,1.5,16604270,3
1592,4,1.5,17905375,3
1807,4,1.5,15140753,3
4025,4,1.5,8871331,3
345,4,1.5,17954138,3
1237,4,1.5,18836328,3
4132,4,1.5,17274331,3
3479,4,1.5,22206293,3
983,4,1.5,18828004,3
4164,4,1.5,23052130,3
4129,4,1.5,23246145,3
4125,4,1.5,20604717,3
1139,4,1.5,21740550,3
1898,4,1.5,23434406,3
4120,4,1.5,1731034,3
4169,4,1.5,23989654,3
4118,4,1.5,16263983,3
3497,4,1.5,22760110,3
997,4,1.5,21807532,3
1149,4,1.5,14595805,3
1981,4,1.5,19048023,3
1249,4,1.5,22567273,3
3418,4,1.5,11983744,3
668,4,1.5,11102465,3
4111,4,1.5,22717389,3
1241,4,1.5,20189001,3
4180,4,1.5,23444214,3
3502,4,1.5,11177066,3
3503,4,1.5,11528360,3
4155,4,1.5,22877620,3
543,4,1.5,23333292,3
1243,4,1.5,25190348,3
388,4,1.5,9400985,3
257,4,1.5,11522714,2
2001,4,1.5,16046316,3
1869,4,1.5,22328207,3
1912,4,1.5,12822917,3
984,4,1.5,22109890,3
3473,4,1.5,22749612,3
3472,4,1.5,24256682,3
991,4,1.5,16969107,3
989,4,1.5,22365730,3
1934,4,1.5,22938709,3
1945,4,1.5,16473284,3
1933,4,1.5,22688849,3
987,4,1.5,12963600,3
3460,4,1.5,15289051,3
4158,4,1.5,18991651,3
398,4,1.5,19404190,3
1926,4,1.5,22892285,3
3442,4,1.5,21443287,3
1955,4,1.5,21196387,3
3441,4,1.5,25343828,3
1209,4,1.5,19681003,3
1923,4,1.5,20176676,3
1958,4,1.5,24191009,3
1959,4,1.5,11580231,3
1143,4,1.5,20707706,3
1922,4,1.5,17063739,3
986,4,1.5,20558333,3
1920,4,1.5,23944255,3
4136,4,1.5,25159316,3
395,4,1.5,12970312,3
3434,4,1.5,15110049,3
3571,4,1.5,24034073,3
432,4,1.5,6088126,3
1919,4,1.5,12568823,3
1918,4,1.5,23707216,3
4161,4,1.5,23750799,3
3520,4,1.5,16360948,3
683,4,1.5,22821450,3
3523,4,1.5,18021773,3
1276,4,1.5,8940620,3
3538,4,1.5,11551429,3
1844,4,1.5,8426216,3
4099,4,1.5,16764860,3
3386,4,1.5,19068280,3
2016,4,1.5,15950621,3
1863,4,1.5,18474720,3
1006,4,1.5,17646352,3
1834,4,1.5,18587107,3
1269,4,1.5,24360962,3
4196,4,1.5,17317588,3
1158,4,1.5,23249788,3
549,4,1.5,22615907,3
550,4,1.5,21949422,3
4085,4,1.5,22587751,3
3388,4,1.5,19570765,3
136,4,1.5,15448085,3
688,4,1.5,11274532,3
663,4,1.5,22369113,2
2022,4,1.5,19647504,3
970,4,1.5,15480314,3
3562,4,1.5,24067395,3
1822,4,1.5,22110081,3
1821,4,1.5,20418509,3
662,4,1.5,10901228,3
1280,4,1.5,15084479,3
1815,4,1.5,17492588,3
4081,4,1.5,20498008,3
77,4,1.5,1582096,3
1265,4,1.5,19231763,3
548,4,1.5,12423381,3
262,4,1.5,18480826,3
1257,4,1.5,11350772,3
267,4,1.5,21104432,3
976,4,1.5,23136464,3
3533,4,1.5,12808434,3
1860,4,1.5,12665584,3
433,4,1.5,10560958,3
3400,4,1.5,22270266,3
387,4,1.5,22080456,3
1255,4,1.5,24049141,3
1853,4,1.5,23248194,3
4188,3,1.33,22423619,2
579,3,1.33,25474642,2
4181,3,1.33,19281762,2
4184,3,1.33,25263723,2
3947,3,1.33,17717719,2
2929,3,1.33,25252651,2
2908,3,1.33,23176970,2
2732,3,1.33,20833230,2
3926,3,1.33,24312136,2
2958,3,1.33,22890069,2
4159,3,1.33,15359290,2
3952,3,1.33,15704203,2
520,3,1.33,17287157,2
2899,3,1.33,23992516,2
4186,3,1.33,16091065,2
2961,3,1.33,23108006,2
3957,3,1.33,14752525,2
2739,3,1.33,7701045,2
2897,3,1.33,15062384,2
3916,3,1.33,17580092,2
4187,3,1.33,20131398,2
759,3,1.33,21040884,2
763,3,1.33,23202724,2
4160,3,1.33,10549671,2
2947,3,1.33,24378706,2
804,3,1.33,21822620,2
4206,3,1.33,17511332,2
801,3,1.33,19097569,2
4171,3,1.33,17061271,2
2920,3,1.33,21944301,2
538,3,1.33,21148444,2
2937,3,1.33,20486856,2
4195,3,1.33,16758329,2
4193,3,1.33,9545098,2
2938,3,1.33,23502042,2
2716,3,1.33,14985248,2
2717,3,1.33,19053978,2
3933,3,1.33,12871979,2
3934,3,1.33,25373319,2
3925,3,1.33,19648204,2
3923,3,1.33,22966822,2
537,3,1.33,19801532,2
4162,3,1.33,18632260,2
3909,3,1.33,15386717,2
4179,3,1.33,15121651,2
2912,3,1.33,6406535,2
3907,3,1.33,23266705,2
2945,3,1.33,20665387,2
2927,3,1.33,23228821,2
3905,3,1.33,16585217,2
2713,3,1.33,15996243,2
2933,3,1.33,10442164,2
2894,3,1.33,21773848,2
4080,3,1.33,20724395,2
3960,3,1.33,18442122,2
2963,3,1.33,11549685,2
4021,3,1.33,10329585,2
786,3,1.33,21054222,2
4100,3,1.33,23899062,2
4101,3,1.33,17230407,2
4102,3,1.33,9705306,2
4020,3,1.33,16917189,2
4019,3,1.33,9667261,2
4018,3,1.33,15056459,2
4014,3,1.33,23473898,2
4106,3,1.33,11793391,2
2772,3,1.33,20439046,2
785,3,1.33,10875909,2
2820,3,1.33,9603682,2
4108,3,1.33,22654510,2
2770,3,1.33,23239102,2
4109,3,1.33,23778437,2
4007,3,1.33,18623377,2
784,3,1.33,9815610,2
2826,3,1.33,11949708,2
560,3,1.33,18729691,2
2811,3,1.33,19414878,2
2768,3,1.33,22933022,2
2777,3,1.33,17050796,2
2788,3,1.33,21195929,2
4079,3,1.33,10764436,2
4078,3,1.33,14563500,2
793,3,1.33,24126644,2
2786,3,1.33,23490343,2
4073,3,1.33,23128969,2
4065,3,1.33,10997698,2
4054,3,1.33,19151662,2
162,3,1.33,20924835,2
4053,3,1.33,11675383,2
4051,3,1.33,20805539,2
4090,3,1.33,21683224,2
4041,3,1.33,21266552,2
2780,3,1.33,18422677,2
4034,3,1.33,24056179,2
4092,3,1.33,22124418,2
4033,3,1.33,16880425,2
4030,3,1.33,25234079,2
4098,3,1.33,22824453,2
4002,3,1.33,3982723,2
163,3,1.33,21486263,2
2741,3,1.33,15811117,2
4139,3,1.33,22367667,2
3980,3,1.33,16750683,2
539,3,1.33,15678618,2
3,3,1.33,21359119,2
2747,3,1.33,22632859,2
3974,3,1.33,22076554,2
3973,3,1.33,15775695,2
522,3,1.33,19067888,2
2870,3,1.33,22017990,2
3968,3,1.33,17592284,2
4147,3,1.33,11672942,2
2872,3,1.33,20048070,2
2876,3,1.33,12103464,2
4148,3,1.33,18361478,2
2877,3,1.33,21163875,2
4149,3,1.33,19125322,2
568,3,1.33,12626761,2
3965,3,1.33,19035501,2
4150,3,1.33,24167325,2
2888,3,1.33,23140910,2
2864,3,1.33,11490014,2
3982,3,1.33,20195251,2
4113,3,1.33,12692155,2
2862,3,1.33,21478745,2
795,3,1.33,14631562,2
781,3,1.33,22158267,2
3998,3,1.33,18957116,2
780,3,1.33,11252114,2
2837,3,1.33,18832447,2
3997,3,1.33,23668740,2
4115,3,1.33,16081882,2
3996,3,1.33,2273192,2
4117,3,1.33,12412788,2
3995,3,1.33,18598891,2
2761,3,1.33,20842023,2
2855,3,1.33,12878924,2
3986,3,1.33,17192702,2
4130,3,1.33,21497217,2
798,3,1.33,20955592,2
2755,3,1.33,10362642,2
478,3,1.33,16687625,2
775,3,1.33,19337772,2
2750,3,1.33,15390319,2
4133,3,1.33,19926989,2
610,3,1.33,19428881,2
519,3,1.33,34136302,2
3259,3,1.33,20499394,2
3234,3,1.33,23024431,2
3551,3,1.33,21801303,2
3547,3,1.33,23913943,2
3546,3,1.33,19258383,2
3543,3,1.33,19500407,2
3540,3,1.33,15670201,2
3242,3,1.33,18049949,2
665,3,1.33,21666582,2
3243,3,1.33,21856205,2
3248,3,1.33,17701033,2
3532,3,1.33,23265290,2
3251,3,1.33,22943420,2
3526,3,1.33,24989500,2
3522,3,1.33,20975474,2
3158,3,1.33,21135383,2
3519,3,1.33,12973032,2
3516,3,1.33,22659474,2
3264,3,1.33,9299367,2
3513,3,1.33,16222060,2
3506,3,1.33,21244122,2
3505,3,1.33,24458983,2
3504,3,1.33,20688214,2
99,3,1.33,24408534,2
3276,3,1.33,8626859,2
3500,3,1.33,23959314,2
3277,3,1.33,19452312,2
3278,3,1.33,12145379,2
3279,3,1.33,18158365,2
3233,3,1.33,22100543,2
3554,3,1.33,16934862,2
3556,3,1.33,17145111,2
3557,3,1.33,21953797,2
722,3,1.33,10509363,2
3610,3,1.33,16547789,2
3609,3,1.33,16140232,2
3165,3,1.33,21474115,2
3166,3,1.33,19198664,2
3605,3,1.33,20339002,2
715,3,1.33,22215018,2
714,3,1.33,15990638,2
3179,3,1.33,10477732,2
3598,3,1.33,23375570,2
3181,3,1.33,17313427,2
3597,3,1.33,24297054,2
3591,3,1.33,18687424,2
3588,3,1.33,19623043,2
3587,3,1.33,14736181,2
3189,3,1.33,22309173,2
3191,3,1.33,23352685,2
3192,3,1.33,21477989,2
3582,3,1.33,22968227,2
3580,3,1.33,11889437,2
660,3,1.33,14617707,2
3207,3,1.33,24126446,2
3566,3,1.33,22968456,2
3218,3,1.33,22627869,2
491,3,1.33,11504918,2
3560,3,1.33,19461257,2
3558,3,1.33,10182400,2
3285,3,1.33,23929517,2
97,3,1.33,18022580,2
3288,3,1.33,9770169,2
3446,3,1.33,7845546,2
3335,3,1.33,22424967,2
3339,3,1.33,22613944,2
3340,3,1.33,18711157,2
3426,3,1.33,19689789,2
3424,3,1.33,17614795,2
3423,3,1.33,22921146,2
3422,3,1.33,6518060,2
682,3,1.33,19116547,2
3420,3,1.33,21950463,2
3415,3,1.33,12141720,2
3411,3,1.33,22051360,2
3349,3,1.33,12783846,2
3408,3,1.33,18337833,2
3407,3,1.33,19739928,2
3405,3,1.33,11840904,2
3401,3,1.33,24033572,2
3398,3,1.33,19915602,2
3357,3,1.33,18990408,2
91,3,1.33,20038849,2
3362,3,1.33,21683948,2
3363,3,1.33,15121384,2
3387,3,1.33,23525280,2
3384,3,1.33,16202936,2
3383,3,1.33,23024713,2
3368,3,1.33,19713223,2
3369,3,1.33,20202594,2
3371,3,1.33,22216061,2
3334,3,1.33,23328208,2
3450,3,1.33,11425091,2
669,3,1.33,17889309,2
3452,3,1.33,20191497,2
3289,3,1.33,8771069,2
3491,3,1.33,3031116,2
3300,3,1.33,20182921,2
672,3,1.33,19225138,2
696,3,1.33,25734077,2
3485,3,1.33,17503679,2
674,3,1.33,15840674,2
3478,3,1.33,12475863,2
3477,3,1.33,20698994,2
3476,3,1.33,8322776,2
3468,3,1.33,19744565,2
3314,3,1.33,11712114,2
3315,3,1.33,19770475,2
3316,3,1.33,21780942,2
3465,3,1.33,16322176,2
3318,3,1.33,19576915,2
3319,3,1.33,21423035,2
3321,3,1.33,9443787,2
3464,3,1.33,11084199,2
3463,3,1.33,21339308,2
3461,3,1.33,18376127,2
808,3,1.33,11406505,2
3458,3,1.33,12056909,2
3325,3,1.33,22245467,2
3326,3,1.33,10862526,2
3327,3,1.33,7037812,2
3330,3,1.33,23300462,2
110,3,1.33,10869432,2
3157,3,1.33,8985196,2
3893,3,1.33,23054838,2
3795,3,1.33,16054745,2
3829,3,1.33,17021002,2
3823,3,1.33,10908040,2
512,3,1.33,10198313,2
3818,3,1.33,9832500,2
3024,3,1.33,22503938,2
39,3,1.33,23328832,2
3028,3,1.33,23314801,2
3810,3,1.33,22395719,2
47,3,1.33,18983324,2
3031,3,1.33,20691727,2
3805,3,1.33,21839986,2
607,3,1.33,22669230,2
3798,3,1.33,8825902,2
3038,3,1.33,22117877,2
3156,3,1.33,21370840,2
3791,3,1.33,15466252,2
3039,3,1.33,15611373,2
3040,3,1.33,16537679,2
3043,3,1.33,17154746,2
3782,3,1.33,24393244,2
3377,3,1.33,15754272,2
3047,3,1.33,16306543,2
3773,3,1.33,16699361,2
3771,3,1.33,23238312,2
124,3,1.33,12755551,2
739,3,1.33,28101363,2
3057,3,1.33,25439155,2
738,3,1.33,16889993,2
3830,3,1.33,22639251,2
3832,3,1.33,11164822,2
746,3,1.33,21245120,2
3840,3,1.33,15849509,2
3888,3,1.33,25256646,2
2964,3,1.33,20183666,2
2965,3,1.33,19544464,2
3887,3,1.33,8635646,2
3885,3,1.33,6390433,2
2969,3,1.33,25346870,2
585,3,1.33,22647830,2
2972,3,1.33,21150588,2
3880,3,1.33,21757709,2
3879,3,1.33,22764308,2
2977,3,1.33,21660224,2
2979,3,1.33,19803619,2
3876,3,1.33,19688612,2
587,3,1.33,11756014,2
3867,3,1.33,20334509,2
2989,3,1.33,25149405,2
2993,3,1.33,18556675,2
2995,3,1.33,19286698,2
484,3,1.33,25128010,2
3854,3,1.33,12768271,2
3852,3,1.33,17884154,2
3850,3,1.33,23051742,2
592,3,1.33,17083370,2
31,3,1.33,23865528,2
3845,3,1.33,8630112,2
748,3,1.33,19779607,2
3841,3,1.33,18080350,2
3766,3,1.33,20529725,2
3762,3,1.33,19634985,2
3761,3,1.33,15054176,2
3686,3,1.33,12408049,2
3114,3,1.33,25315583,2
3678,3,1.33,8654902,2
3116,3,1.33,18323468,2
3674,3,1.33,25473310,2
3119,3,1.33,15980035,2
3672,3,1.33,18316233,2
3121,3,1.33,21664736,2
3122,3,1.33,12854085,2
3666,3,1.33,14623493,2
3126,3,1.33,18848679,2
3664,3,1.33,21099731,2
486,3,1.33,17512880,2
3129,3,1.33,10861859,2
3657,3,1.33,14729624,2
644,3,1.33,20887764,2
3652,3,1.33,12099722,2
66,3,1.33,20724940,2
3639,3,1.33,19272547,2
3635,3,1.33,14688378,2
3626,3,1.33,17534015,2
3622,3,1.33,23658194,2
652,3,1.33,12394160,2
3618,3,1.33,14735598,2
654,3,1.33,17157797,2
655,3,1.33,20425207,2
3154,3,1.33,8123075,2
3155,3,1.33,15381343,2
3685,3,1.33,12417831,2
729,3,1.33,12689417,2
3756,3,1.33,18729853,2
3687,3,1.33,23307105,2
3755,3,1.33,15006941,2
122,3,1.33,24024891,2
616,3,1.33,12684391,2
3064,3,1.33,19120054,2
3743,3,1.33,14713405,2
3736,3,1.33,21832117,2
619,3,1.33,19724220,2
3733,3,1.33,15004174,2
621,3,1.33,12044588,2
510,3,1.33,20448272,2
3724,3,1.33,23043865,2
118,3,1.33,23697789,2
3078,3,1.33,15291404,2
3715,3,1.33,19488945,2
735,3,1.33,16584463,2
633,3,1.33,18716849,2
3699,3,1.33,17342656,2
3095,3,1.33,12603866,2
65,3,1.33,12515727,2
3096,3,1.33,24079520,2
3693,3,1.33,24097418,2
3099,3,1.33,23859955,2
3101,3,1.33,14567973,2
3102,3,1.33,16186496,2
3107,3,1.33,10561345,2
3108,3,1.33,22491869,2
508,3,1.33,16874529,2
2709,3,1.33,19361959,2
406,3,1.33,23200709,2
2682,3,1.33,7419669,2
1448,3,1.33,11018220,2
2225,3,1.33,23891963,2
2229,3,1.33,15788257,2
2230,3,1.33,19698069,2
2231,3,1.33,12879223,2
1484,3,1.33,17502629,2
921,3,1.33,15557631,2
1483,3,1.33,25134032,2
1482,3,1.33,19050046,2
342,3,1.33,17540224,2
2240,3,1.33,8923598,2
1479,3,1.33,20209128,2
2252,3,1.33,19342370,2
2254,3,1.33,15483092,2
1475,3,1.33,14673808,2
1472,3,1.33,12600831,2
914,3,1.33,12040340,2
415,3,1.33,22093140,2
1076,3,1.33,1552616,2
1464,3,1.33,22588323,2
1463,3,1.33,20505769,2
2271,3,1.33,16076454,2
2272,3,1.33,11443205,2
208,3,1.33,17386295,2
1459,3,1.33,22200527,2
1077,3,1.33,22312164,2
2281,3,1.33,16341022,2
1079,3,1.33,3084541,2
908,3,1.33,12213885,2
1451,3,1.33,17095422,2
2222,3,1.33,18058404,2
1498,3,1.33,15546488,2
2220,3,1.33,8823329,2
1530,3,1.33,19015803,2
2171,3,1.33,23135389,2
1558,3,1.33,20562162,2
2175,3,1.33,21869904,2
1556,3,1.33,9847181,2
1554,3,1.33,15135555,2
2183,3,1.33,11104622,2
1553,3,1.33,23519384,2
1550,3,1.33,22789841,2
1546,3,1.33,22925367,2
1543,3,1.33,19293567,2
1540,3,1.33,29312958,2
1537,3,1.33,20613752,2
2191,3,1.33,21271342,2
929,3,1.33,31681205,2
1506,3,1.33,10843794,2
2200,3,1.33,20541769,2
2201,3,1.33,23990157,2
1527,3,1.33,19761529,2
1525,3,1.33,22176791,2
1524,3,1.33,12202285,2
2203,3,1.33,20634281,2
2207,3,1.33,12904326,2
334,3,1.33,21653990,2
2212,3,1.33,17596736,2
2215,3,1.33,23958736,2
1514,3,1.33,18928847,2
1513,3,1.33,18287683,2
447,3,1.33,15722026,2
2294,3,1.33,21195416,2
906,3,1.33,19223475,2
1056,3,1.33,10814724,2
1081,3,1.33,7751996,2
367,3,1.33,16873534,2
890,3,1.33,21689040,2
1389,3,1.33,21442688,2
1091,3,1.33,20706098,2
2381,3,1.33,20026567,2
2383,3,1.33,23496193,2
2386,3,1.33,21067835,2
2389,3,1.33,22863790,2
2393,3,1.33,19242487,2
369,3,1.33,16442114,2
1375,3,1.33,17229040,2
1370,3,1.33,16564287,2
2410,3,1.33,16235016,2
2411,3,1.33,15644839,2
2412,3,1.33,9719273,2
1365,3,1.33,16225659,2
1364,3,1.33,15023818,2
1362,3,1.33,23112821,2
2428,3,1.33,17208596,2
2429,3,1.33,23090351,2
1352,3,1.33,20733121,2
1351,3,1.33,22356599,2
1349,3,1.33,15332232,2
1097,3,1.33,18595962,2
2436,3,1.33,15013800,2
1101,3,1.33,17998496,2
2441,3,1.33,18203813,2
2443,3,1.33,25960880,2
194,3,1.33,10913510,2
2374,3,1.33,19759532,2
2370,3,1.33,23647135,2
1089,3,1.33,23793168,2
350,3,1.33,22972153,2
1444,3,1.33,24109236,2
1443,3,1.33,7086622,2
348,3,1.33,22204416,2
1439,3,1.33,9114270,2
206,3,1.33,23271792,2
2305,3,1.33,6757268,2
205,3,1.33,20815724,2
1435,3,1.33,20222116,2
2311,3,1.33,22995766,2
2313,3,1.33,24474854,2
1434,3,1.33,19427348,2
1433,3,1.33,19651578,2
1432,3,1.33,23766526,2
1429,3,1.33,18642375,2
2364,3,1.33,18550936,2
903,3,1.33,15742874,2
1426,3,1.33,23269280,2
2319,3,1.33,21498881,2
359,3,1.33,21912444,2
1417,3,1.33,22715407,2
2331,3,1.33,16239435,2
360,3,1.33,18694902,2
2345,3,1.33,22976993,2
2348,3,1.33,21886815,2
202,3,1.33,18323743,2
2358,3,1.33,22126086,2
2361,3,1.33,22840846,2
1402,3,1.33,10094954,2
1563,3,1.33,17048091,2
2166,3,1.33,11331090,2
1339,3,1.33,9751766,2
1983,3,1.33,21276312,2
256,3,1.33,19846289,2
1018,3,1.33,22615288,2
1019,3,1.33,11825065,2
1771,3,1.33,19150909,2
290,3,1.33,20446933,2
255,3,1.33,15351706,2
1904,3,1.33,15477461,2
1906,3,1.33,19752424,2
1907,3,1.33,24223532,2
254,3,1.33,18693297,2
1911,3,1.33,8649324,2
1766,3,1.33,23807841,2
1914,3,1.33,22892587,2
1761,3,1.33,15056733,2
1021,3,1.33,11875230,2
1917,3,1.33,19910261,2
1757,3,1.33,22266170,2
992,3,1.33,19655043,2
1925,3,1.33,3898186,2
292,3,1.33,23470624,2
990,3,1.33,16488013,2
246,3,1.33,17666887,2
1022,3,1.33,24399266,2
1733,3,1.33,22316307,2
1731,3,1.33,12475852,2
1730,3,1.33,21430287,2
1025,3,1.33,17356095,2
1970,3,1.33,21617148,2
240,3,1.33,22336082,2
1774,3,1.33,19274573,2
994,3,1.33,12878480,2
1894,3,1.33,17803830,2
1802,3,1.33,22948756,2
1830,3,1.33,19188872,2
1832,3,1.33,21822328,2
272,3,1.33,20839318,2
1816,3,1.33,20047086,2
1009,3,1.33,11919355,2
1838,3,1.33,23895510,2
273,3,1.33,12239715,2
1841,3,1.33,11567528,2
1011,3,1.33,19265187,2
1843,3,1.33,12165592,2
268,3,1.33,16263987,2
1851,3,1.33,23662107,2
1804,3,1.33,23567488,2
1798,3,1.33,19440279,2
1779,3,1.33,14672546,2
260,3,1.33,22081304,2
1866,3,1.33,22116635,2
1013,3,1.33,15799783,2
1868,3,1.33,23750692,2
1870,3,1.33,21937044,2
1871,3,1.33,22728466,2
1789,3,1.33,22639445,2
1003,3,1.33,10193043,2
1875,3,1.33,20453185,2
1787,3,1.33,17126268,2
1782,3,1.33,22092060,2
1780,3,1.33,18598674,2
1888,3,1.33,21055654,2
1713,3,1.33,20494268,2
1704,3,1.33,19837353,2
1574,3,1.33,21221044,2
1702,3,1.33,19594255,2
1643,3,1.33,18091441,2
2065,3,1.33,9525967,2
2068,3,1.33,19262963,2
962,3,1.33,17942626,2
2077,3,1.33,17893131,2
2080,3,1.33,17353732,2
2082,3,1.33,27134718,2
314,3,1.33,20035555,2
2096,3,1.33,24049122,2
953,3,1.33,12897099,2
2104,3,1.33,19284811,2
223,3,1.33,17038308,2
2118,3,1.33,18400360,2
2123,3,1.33,21324946,2
2124,3,1.33,9480718,2
221,3,1.33,21669377,2
2127,3,1.33,24889941,2
1052,3,1.33,17685798,2
1600,3,1.33,21788603,2
2133,3,1.33,15734834,2
1599,3,1.33,11553655,2
1595,3,1.33,16061476,2
1594,3,1.33,19689239,2
945,3,1.33,12393912,2
1591,3,1.33,20589565,2
1590,3,1.33,17445800,2
1587,3,1.33,21406194,2
443,3,1.33,12509670,2
2153,3,1.33,21677245,2
2058,3,1.33,18779468,2
1646,3,1.33,15133812,2
1045,3,1.33,10473610,2
971,3,1.33,22240007,2
1987,3,1.33,23608305,2
1700,3,1.33,23056333,2
1992,3,1.33,18827136,2
1996,3,1.33,16706849,2
1998,3,1.33,15307855,2
1999,3,1.33,19897534,2
977,3,1.33,19004156,2
2004,3,1.33,22692379,2
1691,3,1.33,9815693,2
973,3,1.33,10348469,2
2011,3,1.33,19126364,2
1689,3,1.33,9184611,2
1687,3,1.33,22926666,2
2015,3,1.33,20979493,2
1042,3,1.33,18094093,2
1682,3,1.33,22778917,2
2020,3,1.33,11177748,2
2021,3,1.33,20099168,2
969,3,1.33,18992175,2
2027,3,1.33,15730852,2
2031,3,1.33,16309621,2
2032,3,1.33,21600563,2
1676,3,1.33,23584818,2
2035,3,1.33,17490679,2
1672,3,1.33,2011049,2
1667,3,1.33,19178584,2
2045,3,1.33,11191686,2
1662,3,1.33,19130360,2
1104,3,1.33,15043685,2
1825,3,1.33,18827724,2
1138,3,1.33,20513340,2
467,3,1.33,22850256,2
1214,3,1.33,17766681,2
2484,3,1.33,23086914,2
1303,3,1.33,21916690,2
2486,3,1.33,24055199,2
385,3,1.33,23953800,2
1117,3,1.33,28005926,2
2538,3,1.33,16925344,2
870,3,1.33,21710576,2
400,3,1.33,21967988,2
2494,3,1.33,15781328,2
2590,3,1.33,15356123,2
866,3,1.33,19669407,2
2644,3,1.33,20060921,2
2537,3,1.33,24080513,2
468,3,1.33,19444334,2
825,3,1.33,21750958,2
2547,3,1.33,19029215,2
2543,3,1.33,17047028,2
2544,3,1.33,22819200,2
390,3,1.33,16115844,2
1171,3,1.33,22016578,2
2476,3,1.33,23929005,2
2583,3,1.33,18440306,2
819,3,1.33,15645693,2
2584,3,1.33,21286365,2
1179,3,1.33,17213514,2
2660,3,1.33,10912902,2
2517,3,1.33,23936563,2
842,3,1.33,22504854,2
1311,3,1.33,18421619,2
824,3,1.33,24041978,2
1142,3,1.33,20708848,2
2591,3,1.33,19424747,2
1118,3,1.33,18541793,2
2498,3,1.33,20640464,2
410,3,1.33,12234729,2
2607,3,1.33,14963120,2
2634,3,1.33,22503596,2
2524,3,1.33,12648226,2
2523,3,1.33,17311533,2
409,3,1.33,18419043,2
863,3,1.33,23493494,2
1201,3,1.33,18162022,2
2499,3,1.33,19324062,2
2521,3,1.33,23696430,2
1191,3,1.33,21592505,2
2628,3,1.33,22280800,2
1192,3,1.33,9152296,2
1274,3,1.33,18719149,2
1277,3,1.33,23824888,2
1146,3,1.33,20105605,2
1271,3,1.33,12552005,2
2511,3,1.33,22539338,2
2529,3,1.33,18514927,2
1268,3,1.33,11018334,2
178,3,1.33,20565045,2
1204,3,1.33,25447564,2
2599,3,1.33,16385578,2
2508,3,1.33,15547041,2
1205,3,1.33,6468873,2
2597,3,1.33,12954238,2
2641,3,1.33,19521250,2
1145,3,1.33,21167346,2
2507,3,1.33,12626553,2
1208,3,1.33,16698424,2
2503,3,1.33,3532381,2
1120,3,1.33,12730025,2
2576,3,1.33,16517706,2
1315,3,1.33,20333823,2
1227,3,1.33,21079516,2
2683,3,1.33,22561596,2
2466,3,1.33,20149165,2
2465,3,1.33,23298981,2
2464,3,1.33,16093423,2
2463,3,1.33,18299151,2
2688,3,1.33,15891165,2
2694,3,1.33,18550261,2
2553,3,1.33,2771520,2
1229,3,1.33,18950623,2
391,3,1.33,28913683,2
2695,3,1.33,21352534,2
2461,3,1.33,12793106,2
2564,3,1.33,21645873,2
2700,3,1.33,19060228,2
2460,3,1.33,19644070,2
2556,3,1.33,18377858,2
1335,3,1.33,22236917,2
2458,3,1.33,21524453,2
2702,3,1.33,18394619,2
2558,3,1.33,9193193,2
2703,3,1.33,15255797,2
1140,3,1.33,23418459,2
2705,3,1.33,11468197,2
851,3,1.33,19013821,2
1337,3,1.33,17267636,2
874,3,1.33,20129315,2
1235,3,1.33,19342635,2
2518,3,1.33,22537984,2
1163,3,1.33,19265483,2
2468,3,1.33,19066614,2
855,3,1.33,21536835,2
1320,3,1.33,23652338,2
1649,2,1.0,21740141,1
1630,2,1.0,22858208,1
1688,2,1.0,12709039,1
4126,2,1.0,21893077,1
1683,2,1.0,20619460,1
321,2,1.0,16369176,1
3753,2,1.0,20730031,1
1611,2,1.0,22713674,1
1628,2,1.0,12805392,1
57,2,1.0,25404328,1
3722,2,1.0,21901477,1
3691,2,1.0,12679213,1
1046,2,1.0,22240175,1
1612,2,1.0,19826883,1
1642,2,1.0,21934640,1
4138,2,1.0,23950187,1
1627,2,1.0,24317547,1
3692,2,1.0,19809577,1
1047,2,1.0,18171306,1
4151,2,1.0,25283818,1
1678,2,1.0,16310834,1
1218,2,1.0,22902085,1
1607,2,1.0,22081497,1
1696,2,1.0,17601797,1
1637,2,1.0,21547708,1
4156,2,1.0,16946799,1
1200,2,1.0,18607614,1
3680,2,1.0,15576261,1
3681,2,1.0,22781868,1
1634,2,1.0,22570963,1
4135,2,1.0,19116141,1
3682,2,1.0,20176182,1
1608,2,1.0,20937359,1
1638,2,1.0,19524069,1
1639,2,1.0,9713825,1
1049,2,1.0,7519343,1
4153,2,1.0,23229709,1
635,2,1.0,17882914,1
1632,2,1.0,18954935,1
1221,2,1.0,21299474,1
1690,2,1.0,11790166,1
1644,2,1.0,19895768,1
615,2,1.0,11319588,1
1650,2,1.0,23379422,1
1664,2,1.0,18229768,1
630,2,1.0,20024584,1
618,2,1.0,15531509,1
3740,2,1.0,19401448,1
61,2,1.0,20496366,1
305,2,1.0,2636657,1
3739,2,1.0,21571748,1
1648,2,1.0,19324411,1
1226,2,1.0,15842181,1
3708,2,1.0,18189338,1
632,2,1.0,21410308,1
1048,2,1.0,18164577,1
4142,2,1.0,23853049,1
4141,2,1.0,18835946,1
317,2,1.0,2383412,1
1216,2,1.0,10846041,1
1656,2,1.0,12660203,1
4131,2,1.0,17481463,1
1141,2,1.0,19935440,1
1622,2,1.0,26549915,1
617,2,1.0,19621444,1
3749,2,1.0,18392926,1
1673,2,1.0,15703175,1
3694,2,1.0,12770610,1
1228,2,1.0,23551049,1
1210,2,1.0,17991787,1
1213,2,1.0,20924882,1
3696,2,1.0,6319046,1
3697,2,1.0,20716743,1
1613,2,1.0,23638243,1
3698,2,1.0,21274690,1
620,2,1.0,19832743,1
3701,2,1.0,1323715,1
3717,2,1.0,6339712,1
1615,2,1.0,16487602,1
320,2,1.0,9457008,1
394,2,1.0,23929369,1
3745,2,1.0,22265892,1
1623,2,1.0,15926869,1
54,2,1.0,24398803,1
1618,2,1.0,7852413,1
1224,2,1.0,19853524,1
1718,2,1.0,23916363,1
399,2,1.0,22305235,1
4191,2,1.0,20851538,1
4197,2,1.0,20824784,1
1162,2,1.0,19013321,1
3592,2,1.0,23047130,1
3593,2,1.0,16769935,1
4194,2,1.0,22723331,1
3594,2,1.0,20667091,1
405,2,1.0,23051979,1
3596,2,1.0,1456259,1
1786,2,1.0,15845758,1
1784,2,1.0,24904199,1
1783,2,1.0,20961568,1
4192,2,1.0,22089978,1
3601,2,1.0,17507621,1
3602,2,1.0,25266834,1
1166,2,1.0,20643780,1
1176,2,1.0,20553904,1
657,2,1.0,16765296,1
4189,2,1.0,12244552,1
1151,2,1.0,24046006,1
1017,2,1.0,11052915,1
1168,2,1.0,19754538,1
68,2,1.0,21478796,1
3608,2,1.0,17645912,1
1169,2,1.0,16091483,1
1150,2,1.0,16736471,1
1172,2,1.0,12899861,1
3612,2,1.0,3733277,1
4182,2,1.0,23543185,1
1174,2,1.0,21967830,1
3615,2,1.0,20691936,1
3590,2,1.0,15728217,1
1794,2,1.0,16045747,1
4198,2,1.0,23315014,1
1161,2,1.0,20718287,1
428,2,1.0,23024900,1
1823,2,1.0,19153213,1
1008,2,1.0,12871608,1
3564,2,1.0,19890215,1
2,2,1.0,18000457,1
1156,2,1.0,18490286,1
1813,2,1.0,22169128,1
117,2,1.0,21920705,1
504,2,1.0,19679838,1
1812,2,1.0,21331158,1
1157,2,1.0,22219516,1
3572,2,1.0,21341893,1
4205,2,1.0,18367838,1
3574,2,1.0,19029279,1
1809,2,1.0,16178495,1
1806,2,1.0,20018244,1
659,2,1.0,22231313,1
76,2,1.0,23883673,1
1805,2,1.0,19759291,1
4204,2,1.0,24072961,1
1803,2,1.0,23141882,1
1159,2,1.0,22686123,1
3583,2,1.0,15770048,1
285,2,1.0,17347370,1
3585,2,1.0,20478521,1
1799,2,1.0,20188705,1
4202,2,1.0,3081867,1
1160,2,1.0,20668643,1
4200,2,1.0,19213007,1
1767,2,1.0,19212267,1
403,2,1.0,11673772,1
1697,2,1.0,1914821,1
1027,2,1.0,15242534,1
3650,2,1.0,23359866,1
1732,2,1.0,23740222,1
1186,2,1.0,15449369,1
4168,2,1.0,21353129,1
1024,2,1.0,7022840,1
1727,2,1.0,21565667,1
4167,2,1.0,9375161,1
1188,2,1.0,19951250,1
3658,2,1.0,23814613,1
1026,2,1.0,15095227,1
1606,2,1.0,11285051,1
4165,2,1.0,21276755,1
506,2,1.0,9573549,1
507,2,1.0,18556635,1
3665,2,1.0,25195160,1
4178,2,1.0,25259569,1
1711,2,1.0,21755534,1
3667,2,1.0,10327904,1
1190,2,1.0,2918620,1
1705,2,1.0,22018565,1
4163,2,1.0,21135340,1
639,2,1.0,17031708,1
3671,2,1.0,23876673,1
3673,2,1.0,19863365,1
3675,2,1.0,23694928,1
1698,2,1.0,10875254,1
1193,2,1.0,23151104,1
1194,2,1.0,22580635,1
1198,2,1.0,23522931,1
638,2,1.0,15865443,1
1734,2,1.0,22813981,1
1735,2,1.0,12875996,1
3647,2,1.0,16373673,1
3646,2,1.0,23948616,1
3617,2,1.0,19033411,1
4177,2,1.0,11507704,1
1765,2,1.0,23912705,1
402,2,1.0,17675109,1
3620,2,1.0,11906031,1
3621,2,1.0,11642474,1
3623,2,1.0,9798068,1
4174,2,1.0,22999881,1
651,2,1.0,17762224,1
1180,2,1.0,17709116,1
4172,2,1.0,20479363,1
1750,2,1.0,20126315,1
1749,2,1.0,6951096,1
3629,2,1.0,9144465,1
650,2,1.0,22099920,1
1748,2,1.0,2821053,1
1746,2,1.0,10234579,1
3633,2,1.0,12071615,1
1744,2,1.0,21468901,1
1182,2,1.0,11397857,1
649,2,1.0,17575162,1
647,2,1.0,19398166,1
1742,2,1.0,19733803,1
3640,2,1.0,6661342,1
3641,2,1.0,19651699,1
1741,2,1.0,11854246,1
3643,2,1.0,11818320,1
1736,2,1.0,22366882,1
3645,2,1.0,12221400,1
3758,2,1.0,18571670,1
378,2,1.0,8704893,1
1605,2,1.0,21600365,1
1412,2,1.0,21280005,1
1425,2,1.0,23883223,1
1087,2,1.0,23908600,1
1422,2,1.0,15909269,1
3931,2,1.0,21423820,1
3932,2,1.0,19555965,1
4052,2,1.0,11713156,1
3935,2,1.0,12933685,1
1414,2,1.0,8077331,1
3937,2,1.0,19344385,1
1306,2,1.0,20059747,1
21,2,1.0,9209724,1
4050,2,1.0,17881291,1
3940,2,1.0,26052538,1
573,2,1.0,23867118,1
1410,2,1.0,18761650,1
4055,2,1.0,17703861,1
1409,2,1.0,9473065,1
1408,2,1.0,15163841,1
3946,2,1.0,21984387,1
1407,2,1.0,24130004,1
4047,2,1.0,22491224,1
4046,2,1.0,17010132,1
572,2,1.0,19131906,1
571,2,1.0,16213043,1
1405,2,1.0,22799893,1
3951,2,1.0,11493478,1
4045,2,1.0,18956447,1
361,2,1.0,25408260,1
4044,2,1.0,22690994,1
4043,2,1.0,22595961,1
1305,2,1.0,19378134,1
1431,2,1.0,24327599,1
4124,2,1.0,23094612,1
1295,2,1.0,20234192,1
1292,2,1.0,8174881,1
4072,2,1.0,25102348,1
1462,2,1.0,22465198,1
1460,2,1.0,16009879,1
4071,2,1.0,11003328,1
3897,2,1.0,20068103,1
4070,2,1.0,20882050,1
3899,2,1.0,9093303,1
1455,2,1.0,11348607,1
1454,2,1.0,10433110,1
3902,2,1.0,15945064,1
1293,2,1.0,16061573,1
3904,2,1.0,21294991,1
1294,2,1.0,18762494,1
4066,2,1.0,17949288,1
4057,2,1.0,9189766,1
1445,2,1.0,21910901,1
1119,2,1.0,20568092,1
575,2,1.0,11487759,1
4063,2,1.0,18958162,1
3913,2,1.0,11096082,1
1440,2,1.0,9334288,1
1299,2,1.0,23996429,1
1083,2,1.0,21382667,1
1301,2,1.0,15741440,1
23,2,1.0,16169257,1
4059,2,1.0,23894487,1
3919,2,1.0,2944915,1
3920,2,1.0,23205182,1
4058,2,1.0,18477630,1
1399,2,1.0,23799748,1
1398,2,1.0,23498594,1
1397,2,1.0,15858611,1
1353,2,1.0,21256422,1
1326,2,1.0,20187101,1
3987,2,1.0,11409864,1
372,2,1.0,7488281,1
3990,2,1.0,12507045,1
3991,2,1.0,15834769,1
1327,2,1.0,25673901,1
3993,2,1.0,20051847,1
382,2,1.0,15353391,1
1361,2,1.0,18569461,1
1359,2,1.0,21446605,1
559,2,1.0,16049055,1
1357,2,1.0,23341491,1
1355,2,1.0,22341427,1
3999,2,1.0,23367471,1
1332,2,1.0,7506277,1
16,2,1.0,15956869,1
4003,2,1.0,20385876,1
1095,2,1.0,22875280,1
1105,2,1.0,20351870,1
4006,2,1.0,16278251,1
1096,2,1.0,23942224,1
4009,2,1.0,22770955,1
4010,2,1.0,16304504,1
4011,2,1.0,4053447,1
1336,2,1.0,18782333,1
4013,2,1.0,9669804,1
1342,2,1.0,7502707,1
561,2,1.0,22192602,1
4015,2,1.0,18459134,1
4016,2,1.0,25180041,1
8,2,1.0,8336309,1
3985,2,1.0,15866228,1
1094,2,1.0,25441679,1
565,2,1.0,10636095,1
1317,2,1.0,1383156,1
1393,2,1.0,20351682,1
1392,2,1.0,15095041,1
3961,2,1.0,16689841,1
1112,2,1.0,20871387,1
3962,2,1.0,25221746,1
4040,2,1.0,16702908,1
4039,2,1.0,18380759,1
1390,2,1.0,18821872,1
4038,2,1.0,15232791,1
1109,2,1.0,22611480,1
1387,2,1.0,23714366,1
4035,2,1.0,10611352,1
1092,2,1.0,20180689,1
3969,2,1.0,22989867,1
368,2,1.0,9719298,1
384,2,1.0,24645990,1
1322,2,1.0,11961017,1
15,2,1.0,23296551,1
3972,2,1.0,15122973,1
1384,2,1.0,11958376,1
1383,2,1.0,20670845,1
3975,2,1.0,19260929,1
1381,2,1.0,20224961,1
3977,2,1.0,18425827,1
1323,2,1.0,1728456,1
1379,2,1.0,23139915,1
1378,2,1.0,24054156,1
1376,2,1.0,22354695,1
4074,2,1.0,8970043,1
3892,2,1.0,15888291,1
3891,2,1.0,11891057,1
1135,2,1.0,8684350,1
3797,2,1.0,15790468,1
1137,2,1.0,11369847,1
1567,2,1.0,15474421,1
1565,2,1.0,23275006,1
606,2,1.0,10921928,1
3802,2,1.0,19254702,1
1564,2,1.0,21190883,1
4114,2,1.0,1562731,1
1561,2,1.0,16322235,1
1238,2,1.0,12494428,1
604,2,1.0,15339901,1
326,2,1.0,23446694,1
3809,2,1.0,11457750,1
389,2,1.0,2153530,1
1247,2,1.0,24083077,1
1536,2,1.0,15973100,1
419,2,1.0,16454715,1
1134,2,1.0,25429195,1
327,2,1.0,15491982,1
1060,2,1.0,15734424,1
1252,2,1.0,17024495,1
511,2,1.0,22937797,1
418,2,1.0,6650354,1
1253,2,1.0,22090023,1
1539,2,1.0,21558805,1
1254,2,1.0,12047026,1
3824,2,1.0,15180081,1
3825,2,1.0,17379710,1
1256,2,1.0,22205969,1
513,2,1.0,7584703,1
3796,2,1.0,24320761,1
1571,2,1.0,15874934,1
1572,2,1.0,17631084,1
609,2,1.0,23596649,1
1603,2,1.0,18516221,1
531,2,1.0,15831369,1
3764,2,1.0,22337912,1
3765,2,1.0,8748388,1
1598,2,1.0,23146918,1
541,2,1.0,16319385,1
3770,2,1.0,17084262,1
1593,2,1.0,16685721,1
542,2,1.0,19259748,1
3772,2,1.0,24131336,1
4119,2,1.0,20101035,1
1054,2,1.0,22076594,1
420,2,1.0,17351843,1
1584,2,1.0,17569101,1
3779,2,1.0,21854276,1
1581,2,1.0,23757222,1
1580,2,1.0,18997118,1
1579,2,1.0,21776380,1
3783,2,1.0,21890755,1
3784,2,1.0,15646891,1
53,2,1.0,20863528,1
377,2,1.0,17720871,1
1576,2,1.0,15036397,1
1575,2,1.0,15996590,1
3788,2,1.0,17494628,1
4116,2,1.0,21844834,1
3790,2,1.0,22161113,1
1573,2,1.0,24386075,1
3792,2,1.0,18565766,1
598,2,1.0,22841516,1
1533,2,1.0,20977524,1
3559,2,1.0,4048981,1
1480,2,1.0,7887417,1
1495,2,1.0,22136874,1
3863,2,1.0,1877580,1
1492,2,1.0,20448100,1
1490,2,1.0,16924029,1
3866,2,1.0,16504834,1
1487,2,1.0,20800185,1
1273,2,1.0,19454249,1
4088,2,1.0,11838922,1
4086,2,1.0,12032626,1
1278,2,1.0,21365462,1
3872,2,1.0,11361392,1
3873,2,1.0,12663846,1
4083,2,1.0,15327717,1
3874,2,1.0,23906413,1
1282,2,1.0,18553493,1
331,2,1.0,22632256,1
3877,2,1.0,16675752,1
1478,2,1.0,12800089,1
1283,2,1.0,22999781,1
343,2,1.0,22639524,1
1125,2,1.0,20160854,1
1476,2,1.0,19120081,1
1287,2,1.0,17823462,1
1471,2,1.0,20507228,1
1290,2,1.0,23572519,1
1291,2,1.0,15596734,1
583,2,1.0,15845897,1
1465,2,1.0,8570773,1
553,2,1.0,20044189,1
3889,2,1.0,15257303,1
1496,2,1.0,24867958,1
1497,2,1.0,24273403,1
1272,2,1.0,18794003,1
1501,2,1.0,23275367,1
37,2,1.0,20145484,1
4103,2,1.0,3958186,1
595,2,1.0,17358006,1
3834,2,1.0,17225475,1
1259,2,1.0,23525480,1
332,2,1.0,20477685,1
1064,2,1.0,23810324,1
3837,2,1.0,1310530,1
1526,2,1.0,21709755,1
1261,2,1.0,19164272,1
1266,2,1.0,17066490,1
1267,2,1.0,6978521,1
593,2,1.0,9734483,1
1523,2,1.0,18524009,1
1521,2,1.0,24133122,1
4097,2,1.0,25435828,1
546,2,1.0,22658885,1
1519,2,1.0,17190899,1
1518,2,1.0,19941349,1
547,2,1.0,16407903,1
3848,2,1.0,18524170,1
3849,2,1.0,21774590,1
1517,2,1.0,20881939,1
4094,2,1.0,12606014,1
1516,2,1.0,18486362,1
1515,2,1.0,23387401,1
6,2,1.0,9010914,1
335,2,1.0,20832989,1
1504,2,1.0,23080443,1
3890,2,1.0,9000039,1
2706,2,1.0,17087854,1
1826,2,1.0,23561468,1
2981,2,1.0,22518310,1
2414,2,1.0,11562477,1
2418,2,1.0,20697060,1
755,2,1.0,23009938,1
2998,2,1.0,11563879,1
2997,2,1.0,15087735,1
882,2,1.0,18393452,1
2420,2,1.0,22209035,1
2424,2,1.0,12888129,1
2992,2,1.0,19843946,1
142,2,1.0,16722591,1
145,2,1.0,20034756,1
2430,2,1.0,22024000,1
2431,2,1.0,22825543,1
2432,2,1.0,20183640,1
756,2,1.0,22262764,1
2984,2,1.0,11445025,1
2983,2,1.0,25301813,1
2413,2,1.0,20489178,1
3003,2,1.0,18006774,1
485,2,1.0,19525761,1
132,2,1.0,22970344,1
3027,2,1.0,21680770,1
3026,2,1.0,20512045,1
3022,2,1.0,11742610,1
744,2,1.0,24551334,1
885,2,1.0,20038672,1
2398,2,1.0,19286627,1
747,2,1.0,18668025,1
3016,2,1.0,18277815,1
2409,2,1.0,16624438,1
2399,2,1.0,20808223,1
2403,2,1.0,16837736,1
883,2,1.0,11275691,1
749,2,1.0,20473197,1
3011,2,1.0,6688258,1
3010,2,1.0,23820512,1
3009,2,1.0,19040421,1
880,2,1.0,16339690,1
2980,2,1.0,18661513,1
2926,2,1.0,15354179,1
2978,2,1.0,22055207,1
2949,2,1.0,9040725,1
2948,2,1.0,15198954,1
2944,2,1.0,3081326,1
2943,2,1.0,16529872,1
2942,2,1.0,12221266,1
149,2,1.0,10501975,1
2469,2,1.0,18180026,1
2471,2,1.0,21742304,1
2472,2,1.0,16778725,1
2936,2,1.0,24382253,1
2935,2,1.0,15917361,1
2934,2,1.0,23392317,1
872,2,1.0,22490769,1
2932,2,1.0,15155193,1
2475,2,1.0,19950431,1
2477,2,1.0,22312179,1
2478,2,1.0,11134096,1
2951,2,1.0,10903998,1
2462,2,1.0,9435438,1
760,2,1.0,24282727,1
2967,2,1.0,25239970,1
2437,2,1.0,21687912,1
2976,2,1.0,11092681,1
2439,2,1.0,24179676,1
757,2,1.0,21270707,1
879,2,1.0,16827652,1
2442,2,1.0,22981005,1
188,2,1.0,18261779,1
2966,2,1.0,18070834,1
2955,2,1.0,17933619,1
2449,2,1.0,10595313,1
876,2,1.0,12799171,1
2456,2,1.0,24185152,1
2457,2,1.0,21964369,1
148,2,1.0,21969265,1
2459,2,1.0,19103706,1
2957,2,1.0,1985095,1
2385,2,1.0,16380239,1
3030,2,1.0,12521946,1
2379,2,1.0,16473070,1
889,2,1.0,19086598,1
2298,2,1.0,15982824,1
2299,2,1.0,21312347,1
3105,2,1.0,23312958,1
3104,2,1.0,17978975,1
2300,2,1.0,19422670,1
2301,2,1.0,18753098,1
2302,2,1.0,19461489,1
2303,2,1.0,12069358,1
3097,2,1.0,19657370,1
2309,2,1.0,15242159,1
905,2,1.0,16868166,1
3091,2,1.0,22942234,1
2314,2,1.0,17909143,1
3089,2,1.0,18077826,1
732,2,1.0,21924674,1
3087,2,1.0,16968870,1
2315,2,1.0,14633290,1
2297,2,1.0,18826380,1
2295,2,1.0,15379558,1
2291,2,1.0,9915448,1
3124,2,1.0,25571124,1
725,2,1.0,23690757,1
2268,2,1.0,16059892,1
912,2,1.0,19893773,1
3131,2,1.0,23986715,1
3130,2,1.0,21667139,1
2270,2,1.0,23074237,1
3125,2,1.0,12427068,1
3123,2,1.0,11908561,1
2288,2,1.0,9701153,1
2276,2,1.0,16796209,1
2279,2,1.0,15636616,1
3120,2,1.0,17615254,1
3118,2,1.0,20532656,1
113,2,1.0,20966893,1
910,2,1.0,21993207,1
909,2,1.0,22007173,1
3085,2,1.0,15898964,1
3084,2,1.0,22805379,1
3082,2,1.0,22088584,1
892,2,1.0,10206340,1
3054,2,1.0,19063819,1
3053,2,1.0,23402875,1
2360,2,1.0,15868140,1
2362,2,1.0,16254057,1
2363,2,1.0,22256226,1
893,2,1.0,23688368,1
3046,2,1.0,11225964,1
3044,2,1.0,23032685,1
2356,2,1.0,16217846,1
2369,2,1.0,15622947,1
740,2,1.0,22615090,1
2371,2,1.0,23349503,1
535,2,1.0,11419569,1
3037,2,1.0,22897108,1
3036,2,1.0,23900416,1
742,2,1.0,23720414,1
3055,2,1.0,22312165,1
2352,2,1.0,22435886,1
2318,2,1.0,18755846,1
3072,2,1.0,22544195,1
2324,2,1.0,25324573,1
2325,2,1.0,23054922,1
3077,2,1.0,25442680,1
3076,2,1.0,21354376,1
2326,2,1.0,15590162,1
3074,2,1.0,23341938,1
3073,2,1.0,12090307,1
2330,2,1.0,10986635,1
2350,2,1.0,20714155,1
2332,2,1.0,20083624,1
204,2,1.0,6796533,1
2334,2,1.0,23258502,1
899,2,1.0,9661647,1
897,2,1.0,11170733,1
2342,2,1.0,16459185,1
203,2,1.0,23698235,1
871,2,1.0,6357902,1
2480,2,1.0,18853262,1
2266,2,1.0,11295013,1
830,2,1.0,23649824,1
2609,2,1.0,8698860,1
2782,2,1.0,22316678,1
177,2,1.0,23387799,1
2613,2,1.0,8398708,1
2779,2,1.0,1606331,1
2615,2,1.0,16175840,1
836,2,1.0,18831531,1
2621,2,1.0,16952782,1
2775,2,1.0,16540604,1
2622,2,1.0,18677231,1
2629,2,1.0,16039287,1
2771,2,1.0,1656075,1
834,2,1.0,23589807,1
175,2,1.0,9444336,1
2638,2,1.0,20070014,1
2766,2,1.0,24125020,1
2639,2,1.0,22318965,1
2608,2,1.0,18344443,1
2606,2,1.0,24059792,1
2601,2,1.0,23995383,1
2802,2,1.0,21965155,1
464,2,1.0,23862677,1
2812,2,1.0,10792621,1
787,2,1.0,16770076,1
2809,2,1.0,16227692,1
845,2,1.0,18660659,1
844,2,1.0,12819239,1
2805,2,1.0,3288528,1
2587,2,1.0,23842589,1
2598,2,1.0,19244508,1
2800,2,1.0,17454706,1
2589,2,1.0,23179575,1
2798,2,1.0,18506052,1
840,2,1.0,22963819,1
179,2,1.0,16794559,1
2793,2,1.0,16770805,1
2792,2,1.0,18182451,1
832,2,1.0,20363257,1
796,2,1.0,23271977,1
2924,2,1.0,25138372,1
2652,2,1.0,24022207,1
2677,2,1.0,9099558,1
2731,2,1.0,23312475,1
2678,2,1.0,25527626,1
1155,2,1.0,9833828,1
2728,2,1.0,25086033,1
2684,2,1.0,11533289,1
2725,2,1.0,16608610,1
813,2,1.0,23751246,1
2723,2,1.0,6693017,1
2686,2,1.0,15662245,1
2687,2,1.0,18467950,1
2691,2,1.0,21282256,1
2698,2,1.0,19274051,1
806,2,1.0,16359467,1
2701,2,1.0,9524237,1
2711,2,1.0,25231855,1
2704,2,1.0,15822560,1
171,2,1.0,21844785,1
2734,2,1.0,17456651,1
2735,2,1.0,23723362,1
2666,2,1.0,8808491,1
2756,2,1.0,19422333,1
2754,2,1.0,18213517,1
2753,2,1.0,11454598,1
2752,2,1.0,22483081,1
2656,2,1.0,18419352,1
172,2,1.0,22518819,1
2665,2,1.0,15311165,1
164,2,1.0,9236732,1
814,2,1.0,17376547,1
2744,2,1.0,18841292,1
816,2,1.0,7021385,1
815,2,1.0,24179750,1
2672,2,1.0,18238790,1
2673,2,1.0,16723512,1
2738,2,1.0,8288049,1
167,2,1.0,17361499,1
2814,2,1.0,20569150,1
2571,2,1.0,19833159,1
2567,2,1.0,23778303,1
161,2,1.0,18821360,1
2893,2,1.0,11137100,1
766,2,1.0,18359348,1
2890,2,1.0,25544833,1
2889,2,1.0,22782529,1
2512,2,1.0,20463199,1
767,2,1.0,25346563,1
2885,2,1.0,19905039,1
2514,2,1.0,16150652,1
2515,2,1.0,19389005,1
2882,2,1.0,23505191,1
2881,2,1.0,21969267,1
769,2,1.0,15782082,1
2879,2,1.0,23139457,1
2878,2,1.0,23560355,1
2875,2,1.0,11829529,1
2874,2,1.0,8922385,1
2873,2,1.0,17939611,1
2510,2,1.0,21029972,1
2896,2,1.0,20812127,1
2898,2,1.0,16449941,1
2490,2,1.0,24229749,1
2481,2,1.0,25418088,1
2482,2,1.0,17565458,1
2485,2,1.0,19101853,1
2918,2,1.0,2704227,1
2487,2,1.0,10523528,1
764,2,1.0,22824446,1
765,2,1.0,9144354,1
2492,2,1.0,18563951,1
2504,2,1.0,22922234,1
2909,2,1.0,9646880,1
2496,2,1.0,23299386,1
2907,2,1.0,22116008,1
2500,2,1.0,17631230,1
2903,2,1.0,15269285,1
2902,2,1.0,2954721,1
460,2,1.0,17696021,1
860,2,1.0,20127846,1
2871,2,1.0,25505792,1
2868,2,1.0,20117163,1
2554,2,1.0,24179558,1
2841,2,1.0,22789564,1
2546,2,1.0,18572395,1
2838,2,1.0,23012307,1
2548,2,1.0,23974386,1
2834,2,1.0,22177935,1
2551,2,1.0,10749756,1
2832,2,1.0,17357146,1
2829,2,1.0,15726294,1
2843,2,1.0,12621334,1
2828,2,1.0,1872895,1
782,2,1.0,15475724,1
2824,2,1.0,17846289,1
2822,2,1.0,17042946,1
2562,2,1.0,9203224,1
850,2,1.0,1434517,1
849,2,1.0,22123363,1
2842,2,1.0,22277120,1
2844,2,1.0,25506832,1
2527,2,1.0,20857865,1
2857,2,1.0,21861602,1
858,2,1.0,17058727,1
2530,2,1.0,3081569,1
2532,2,1.0,12710944,1
2861,2,1.0,17403703,1
774,2,1.0,21670732,1
857,2,1.0,18948381,1
2858,2,1.0,14605242,1
2535,2,1.0,23884967,1
2845,2,1.0,25598649,1
2853,2,1.0,19813112,1
2539,2,1.0,12524173,1
2851,2,1.0,16145478,1
2850,2,1.0,19800018,1
183,2,1.0,17662617,1
461,2,1.0,15863539,1
777,2,1.0,17805339,1
2267,2,1.0,22698857,1
913,2,1.0,17400118,1
1828,2,1.0,18977969,1
974,2,1.0,25023314,1
1975,2,1.0,18996226,1
1976,2,1.0,1430603,1
1977,2,1.0,10073327,1
1980,2,1.0,23818870,1
1982,2,1.0,18805589,1
3417,2,1.0,14517784,1
3416,2,1.0,18058832,1
1985,2,1.0,12190941,1
3414,2,1.0,6353643,1
3413,2,1.0,20368201,1
3412,2,1.0,11242542,1
1989,2,1.0,7573095,1
3409,2,1.0,18070767,1
1991,2,1.0,19071985,1
3404,2,1.0,25343005,1
686,2,1.0,11753059,1
978,2,1.0,23258453,1
238,2,1.0,12954220,1
1973,2,1.0,19386408,1
3427,2,1.0,23457003,1
3438,2,1.0,21897359,1
3445,2,1.0,8804147,1
3444,2,1.0,16946287,1
88,2,1.0,10102029,1
244,2,1.0,20338574,1
243,2,1.0,16895654,1
3440,2,1.0,16328416,1
3439,2,1.0,25164709,1
3437,2,1.0,15316086,1
3428,2,1.0,14582143,1
1957,2,1.0,22415090,1
3435,2,1.0,10497239,1
1963,2,1.0,23222557,1
3433,2,1.0,12235021,1
242,2,1.0,23109406,1
1965,2,1.0,20599621,1
3429,2,1.0,25309947,1
2005,2,1.0,6244463,1
2009,2,1.0,3549148,1
232,2,1.0,21850562,1
3395,2,1.0,15982284,1
2041,2,1.0,21862912,1
967,2,1.0,16753007,1
3361,2,1.0,18564998,1
2044,2,1.0,15498860,1
3359,2,1.0,17653865,1
2047,2,1.0,20868775,1
2048,2,1.0,20737180,1
3355,2,1.0,20024764,1
2049,2,1.0,16258305,1
3353,2,1.0,4033425,1
2050,2,1.0,9417172,1
966,2,1.0,3054544,1
2054,2,1.0,16977473,1
965,2,1.0,6497920,1
2057,2,1.0,12629099,1
3346,2,1.0,23691971,1
3345,2,1.0,23790275,1
2040,2,1.0,20558772,1
498,2,1.0,18176333,1
3366,2,1.0,23796650,1
2018,2,1.0,17522594,1
3393,2,1.0,16213109,1
3391,2,1.0,16321615,1
3390,2,1.0,17888700,1
3389,2,1.0,20817382,1
2012,2,1.0,23816662,1
2013,2,1.0,9269780,1
2017,2,1.0,21478750,1
2028,2,1.0,2376872,1
2037,2,1.0,19752727,1
2029,2,1.0,23635313,1
3375,2,1.0,22794942,1
3373,2,1.0,17018704,1
3372,2,1.0,6970805,1
2033,2,1.0,22552908,1
3370,2,1.0,11799198,1
2034,2,1.0,9363439,1
1952,2,1.0,15820257,1
1951,2,1.0,22642520,1
3448,2,1.0,23033348,1
3449,2,1.0,3537351,1
79,2,1.0,22797689,1
1857,2,1.0,15148157,1
1858,2,1.0,18421046,1
1859,2,1.0,22418874,1
3525,2,1.0,1968059,1
1004,2,1.0,3888746,1
3521,2,1.0,21264340,1
3518,2,1.0,15908364,1
666,2,1.0,18395554,1
3515,2,1.0,12902502,1
3514,2,1.0,24471717,1
3512,2,1.0,19204247,1
3510,2,1.0,22711849,1
1876,2,1.0,11368530,1
3508,2,1.0,19553287,1
1878,2,1.0,11413193,1
1879,2,1.0,16979024,1
3530,2,1.0,16766738,1
1852,2,1.0,12847914,1
1850,2,1.0,24925526,1
1840,2,1.0,22700815,1
1829,2,1.0,14560172,1
3555,2,1.0,20602467,1
3553,2,1.0,12602433,1
1833,2,1.0,17928471,1
3550,2,1.0,23395246,1
1836,2,1.0,21123434,1
3548,2,1.0,11950532,1
3545,2,1.0,10735580,1
3534,2,1.0,19220493,1
3544,2,1.0,1875728,1
3542,2,1.0,7763203,1
1842,2,1.0,16193488,1
3539,2,1.0,11551934,1
1846,2,1.0,16708140,1
1847,2,1.0,11160966,1
1849,2,1.0,17910638,1
1880,2,1.0,24098706,1
1882,2,1.0,11391654,1
1883,2,1.0,23647866,1
1930,2,1.0,19030229,1
82,2,1.0,23985180,1
3469,2,1.0,25422968,1
677,2,1.0,18031512,1
3466,2,1.0,16466847,1
1924,2,1.0,12707360,1
3462,2,1.0,23643497,1
1928,2,1.0,23259472,1
3459,2,1.0,22935207,1
253,2,1.0,24969370,1
2707,2,1.0,15060870,1
3457,2,1.0,19669737,1
3456,2,1.0,17330861,1
678,2,1.0,21313986,1
1946,2,1.0,19700196,1
988,2,1.0,21550946,1
245,2,1.0,22633712,1
3471,2,1.0,18496151,1
1915,2,1.0,16473219,1
1885,2,1.0,14656703,1
3490,2,1.0,16961940,1
1002,2,1.0,22752611,1
1889,2,1.0,22009554,1
1891,2,1.0,14613266,1
3496,2,1.0,19964186,1
502,2,1.0,11900881,1
3493,2,1.0,18812832,1
3492,2,1.0,16862041,1
1900,2,1.0,23216054,1
676,2,1.0,20443657,1
3488,2,1.0,11076102,1
673,2,1.0,11350886,1
3486,2,1.0,18728638,1
1903,2,1.0,20890371,1
3483,2,1.0,22404149,1
1910,2,1.0,19114173,1
1913,2,1.0,11329115,1
691,2,1.0,18158263,1
3341,2,1.0,23086055,1
3138,2,1.0,23929617,1
3193,2,1.0,19494319,1
2192,2,1.0,18574793,1
707,2,1.0,16451582,1
3213,2,1.0,18679386,1
3212,2,1.0,23131959,1
708,2,1.0,16361361,1
3210,2,1.0,17182452,1
2193,2,1.0,17888805,1
3208,2,1.0,21235610,1
446,2,1.0,18708439,1
3204,2,1.0,14660157,1
3203,2,1.0,17118283,1
3201,2,1.0,11518853,1
3200,2,1.0,23473056,1
3199,2,1.0,16908619,1
103,2,1.0,11874498,1
3197,2,1.0,22935618,1
2204,2,1.0,12112157,1
931,2,1.0,23660512,1
2188,2,1.0,2548394,1
490,2,1.0,15605381,1
2184,2,1.0,11155537,1
3238,2,1.0,21277809,1
2177,2,1.0,12236169,1
3235,2,1.0,21224272,1
2179,2,1.0,12616217,1
2180,2,1.0,15691533,1
2182,2,1.0,21529836,1
702,2,1.0,21979386,1
3228,2,1.0,23570481,1
3220,2,1.0,11562757,1
3227,2,1.0,14744920,1
3226,2,1.0,25076199,1
703,2,1.0,11937547,1
932,2,1.0,11027843,1
3223,2,1.0,19906034,1
3222,2,1.0,12692862,1
2186,2,1.0,16055490,1
927,2,1.0,23912589,1
2208,2,1.0,16269869,1
435,2,1.0,23707481,1
105,2,1.0,9731063,1
922,2,1.0,24957574,1
3159,2,1.0,11722638,1
2233,2,1.0,24187483,1
2236,2,1.0,20554260,1
2237,2,1.0,16564939,1
918,2,1.0,21764330,1
3153,2,1.0,16554428,1
2243,2,1.0,16505264,1
2249,2,1.0,10859503,1
3149,2,1.0,11439409,1
111,2,1.0,15750038,1
3147,2,1.0,20182207,1
3145,2,1.0,23429684,1
3143,2,1.0,24456255,1
3142,2,1.0,18692143,1
2255,2,1.0,18812486,1
915,2,1.0,3754486,1
2227,2,1.0,20569114,1
2226,2,1.0,21564454,1
718,2,1.0,24054369,1
2217,2,1.0,20690039,1
2209,2,1.0,23700515,1
2214,2,1.0,20850259,1
106,2,1.0,8384187,1
3185,2,1.0,20937653,1
3183,2,1.0,17683094,1
3182,2,1.0,18312674,1
212,2,1.0,21784661,1
712,2,1.0,18176782,1
3168,2,1.0,15501202,1
3177,2,1.0,8665486,1
3176,2,1.0,18312543,1
2219,2,1.0,16538554,1
2221,2,1.0,22638605,1
3171,2,1.0,22009002,1
3170,2,1.0,10084747,1
489,2,1.0,23228625,1
3239,2,1.0,17296904,1
3241,2,1.0,17459366,1
218,2,1.0,21562615,1
937,2,1.0,11387807,1
3311,2,1.0,21091272,1
3309,2,1.0,10806975,1
3308,2,1.0,19844599,1
2117,2,1.0,10022594,1
438,2,1.0,1637797,1
2121,2,1.0,15814298,1
3302,2,1.0,15650464,1
439,2,1.0,11811772,1
3299,2,1.0,12630656,1
3298,2,1.0,22401290,1
3296,2,1.0,8103802,1
3294,2,1.0,16875884,1
698,2,1.0,24990365,1
3292,2,1.0,15248192,1
699,2,1.0,16567702,1
3290,2,1.0,19519261,1
2128,2,1.0,19804513,1
3312,2,1.0,20610809,1
2111,2,1.0,12963758,1
224,2,1.0,17630347,1
955,2,1.0,9049854,1
2075,2,1.0,25281908,1
960,2,1.0,12107227,1
692,2,1.0,25220845,1
2087,2,1.0,23250496,1
956,2,1.0,22327206,1
3329,2,1.0,10803921,1
3328,2,1.0,23232367,1
2090,2,1.0,10515448,1
951,2,1.0,10987868,1
2093,2,1.0,19132318,1
2095,2,1.0,11669467,1
3323,2,1.0,8694674,1
2102,2,1.0,15988317,1
2103,2,1.0,11828857,1
2105,2,1.0,22367989,1
226,2,1.0,23815441,1
947,2,1.0,6822648,1
2132,2,1.0,9396981,1
2134,2,1.0,23245743,1
939,2,1.0,11994357,1
2155,2,1.0,22132088,1
2157,2,1.0,15311058,1
493,2,1.0,19113793,1
2160,2,1.0,16106036,1
3256,2,1.0,24036620,1
2161,2,1.0,21798862,1
3254,2,1.0,19923895,1
3252,2,1.0,21802442,1
2149,2,1.0,7670393,1
2163,2,1.0,15204664,1
3250,2,1.0,11562153,1
938,2,1.0,18167523,1
3247,2,1.0,23461574,1
3246,2,1.0,17257905,1
701,2,1.0,23332203,1
3244,2,1.0,22647779,1
3263,2,1.0,23789700,1
3265,2,1.0,24354718,1
3284,2,1.0,20219410,1
2141,2,1.0,14678919,1
3283,2,1.0,20598983,1
3282,2,1.0,20229696,1
3281,2,1.0,20220563,1
3280,2,1.0,17869640,1
2135,2,1.0,21299591,1
2136,2,1.0,23471423,1
2140,2,1.0,21903980,1
3274,2,1.0,25414568,1
2147,2,1.0,2945254,1
2142,2,1.0,17467979,1
3272,2,1.0,12130557,1
2144,2,1.0,21820835,1
2145,2,1.0,11855810,1
3269,2,1.0,17608908,1
3268,2,1.0,20872768,1
3267,2,1.0,20564282,1
248,2,1.0,16055487,1
